seed,layers,exposure,na,mode,dff_mae,pseudo_mae,unweighted_pseudo_noise,weighted_pseudo_noise,unweighted_pseudo_noise_p90,weighted_pseudo_noise_p90,student_uniform_mae,student_confidence_weighted_mae,student_mae_delta,student_relative_improvement,mean_confidence_weight,weight_error_pearson,low_margin_error_pearson
11,17,1.2,0.3,mixed,0.06995783001184464,0.09902437031269073,0.09902437031269073,0.09808515757322311,0.1811605989933014,0.18014389276504517,0.09902402758598328,0.09901805967092514,5.967915058135986e-06,6.026734322590548e-05,0.05544270575046539,-0.03092301003589792,-0.051486220115211485
11,17,1.2,0.3,glare,0.06995783001184464,0.11788313090801239,0.11788313090801239,0.11542705446481705,0.2425137311220169,0.22449232637882233,0.11788283288478851,0.11787760257720947,5.230307579040527e-06,4.436869602677695e-05,0.05544270575046539,-0.06295446387163513,-0.027355319851032366
11,17,1.2,0.3,weak_texture,0.06995783001184464,0.06623409688472748,0.06623409688472748,0.06608137488365173,0.1338120847940445,0.13351023197174072,0.0662335604429245,0.06622427701950073,9.28342342376709e-06,0.00014016192639631537,0.05544270575046539,-0.011545191905961703,0.037395044596991375
11,17,1.2,0.42,mixed,0.07188393920660019,0.11345494538545609,0.11345494538545609,0.11227243393659592,0.20626002550125122,0.20117679238319397,0.11345463991165161,0.11344920098781586,5.4389238357543945e-06,4.7939192614684994e-05,0.05380966514348984,-0.03985588239582195,-0.0612183687037436
11,17,1.2,0.42,glare,0.07188393920660019,0.12064758688211441,0.12064758688211441,0.11819356679916382,0.24285560846328735,0.22202607989311218,0.12064728140830994,0.12064182758331299,5.453824996948242e-06,4.520470692158169e-05,0.05380966514348984,-0.07504691799956455,-0.03103498593318151
11,17,1.2,0.42,weak_texture,0.07188393920660019,0.0662851557135582,0.0662851557135582,0.06627096235752106,0.1326899379491806,0.13252879679203033,0.06628462672233582,0.0662752091884613,9.417533874511719e-06,0.00014207719557600388,0.05380966514348984,-0.00126036080655175,0.045666480710228996
11,17,1.48,0.3,mixed,0.06941872090101242,0.09853436052799225,0.09853436052799225,0.0974099189043045,0.18071961402893066,0.17955279350280762,0.09853402525186539,0.09852810204029083,5.923211574554443e-06,6.0113362459454674e-05,0.05570565164089203,-0.03613184776648378,-0.0451988707531718
11,17,1.48,0.3,glare,0.06941872090101242,0.11726994067430496,0.11726994067430496,0.11454680562019348,0.242649644613266,0.2235548496246338,0.11726963520050049,0.11726446449756622,5.170702934265137e-06,4.409242789426763e-05,0.05570565164089203,-0.06807160485047375,-0.023904137405626837
11,17,1.48,0.3,weak_texture,0.06941872090101242,0.06623122841119766,0.06623122841119766,0.06604452431201935,0.13352160155773163,0.13321396708488464,0.06623069196939468,0.0662214383482933,9.253621101379395e-06,0.0001397180193384588,0.05570565164089203,-0.013762003950608542,0.0356121987634766
11,17,1.48,0.42,mixed,0.07107788324356079,0.1124718114733696,0.1124718114733696,0.11082182079553604,0.20509180426597595,0.19885799288749695,0.11247150599956512,0.11246617138385773,5.334615707397461e-06,4.743081956614049e-05,0.05466409772634506,-0.049572233556759965,-0.05433201956545869
11,17,1.48,0.42,glare,0.07107788324356079,0.11934900283813477,0.11934900283813477,0.11614139378070831,0.24274802207946777,0.2155476212501526,0.11934870481491089,0.1193433552980423,5.349516868591309e-06,4.482257999269854e-05,0.05466409772634506,-0.08735554631744061,-0.02466490735112055
11,17,1.48,0.42,weak_texture,0.07107788324356079,0.06627927720546722,0.06627927720546722,0.06614547967910767,0.1328805834054947,0.13238617777824402,0.06627874076366425,0.0662694126367569,9.328126907348633e-06,0.00014074085898238065,0.05466409772634506,-0.010653868543015418,0.04698973536957601
11,17,1.76,0.3,mixed,0.08336686342954636,0.10979441553354263,0.10979441553354263,0.11002709716558456,0.18810515105724335,0.1876433789730072,0.10979406535625458,0.1097877025604248,6.362795829772949e-06,5.795209248448221e-05,0.05486366152763367,0.008104498748643612,-0.08348175751263534
11,17,1.76,0.3,glare,0.08336686342954636,0.12739966809749603,0.12739966809749603,0.12548096477985382,0.2425137311220169,0.22202607989311218,0.12739935517311096,0.12739402055740356,5.334615707397461e-06,4.187317667462881e-05,0.05486366152763367,-0.052296136051213096,-0.03325548382817081
11,17,1.76,0.3,weak_texture,0.08336686342954636,0.07355616241693497,0.07355616241693497,0.07403775304555893,0.1440717577934265,0.14422228932380676,0.07355564832687378,0.07354659587144852,9.052455425262451e-06,0.00012306948047054476,0.05486366152763367,0.03595283823749795,0.0026799539855868783
11,17,1.76,0.42,mixed,0.08410826325416565,0.12198470532894135,0.12198470532894135,0.12123184651136398,0.21187599003314972,0.20569592714309692,0.12198438495397568,0.12197867780923843,5.707144737243652e-06,4.678586312007836e-05,0.05424860119819641,-0.02387659531958519,-0.07637674590830607
11,17,1.76,0.42,glare,0.08410826325416565,0.12873683869838715,0.12873683869838715,0.1263640969991684,0.24282434582710266,0.21792834997177124,0.12873652577400208,0.12873110175132751,5.424022674560547e-06,4.213274082044484e-05,0.05424860119819641,-0.06843058486393767,-0.03948142264946411
11,17,1.76,0.42,weak_texture,0.08410826325416565,0.07310956716537476,0.07310956716537476,0.07350755482912064,0.14303749799728394,0.14304375648498535,0.07310906052589417,0.0731000304222107,9.03010368347168e-06,0.00012351552076467114,0.05424860119819641,0.031102909769816663,0.017317461290242565
11,25,1.2,0.3,mixed,0.06931431591510773,0.09969067573547363,0.09969067573547363,0.09954041987657547,0.17760805785655975,0.17736558616161346,0.09969033300876617,0.09968380630016327,6.5267086029052734e-06,6.546982446463845e-05,0.05043220520019531,-0.023789495575766963,-0.042161299807389016
11,25,1.2,0.3,glare,0.06931431591510773,0.11735604703426361,0.11735604703426361,0.11713364720344543,0.242649644613266,0.2401244193315506,0.11735574901103973,0.1173500269651413,5.7220458984375e-06,4.8758121750807654e-05,0.05043220520019531,-0.02720224208066796,-0.03533704915223722
11,25,1.2,0.3,weak_texture,0.06931431591510773,0.06541400402784348,0.06541400402784348,0.06539971381425858,0.13201622664928436,0.13194644451141357,0.0654134601354599,0.06540325284004211,1.0207295417785645e-05,0.0001560427379418259,0.05043220520019531,-0.005190313960142373,0.016686341360442038
11,25,1.2,0.42,mixed,0.07174200564622879,0.11431485414505005,0.11431485414505005,0.11418254673480988,0.20168569684028625,0.20135243237018585,0.11431454122066498,0.114308662712574,5.8785080909729e-06,5.142397483471005e-05,0.05027156323194504,-0.02376348516590532,-0.05253689714637275
11,25,1.2,0.42,glare,0.07174200564622879,0.12048817425966263,0.12048817425966263,0.12029605358839035,0.24274802207946777,0.2409473955631256,0.12048786878585815,0.12048204243183136,5.826354026794434e-06,4.835635392596704e-05,0.05027156323194504,-0.03117498097560256,-0.04096347754331232
11,25,1.2,0.42,weak_texture,0.07174200564622879,0.06569972634315491,0.06569972634315491,0.06571199744939804,0.13139095902442932,0.13139885663986206,0.06569918990135193,0.06568905711174011,1.0132789611816406e-05,0.00015423005408485104,0.05027156323194504,0.00584407402444258,0.03867921056911403
11,25,1.48,0.3,mixed,0.06882758438587189,0.09922388941049576,0.09922388941049576,0.09906499087810516,0.1769406944513321,0.1767367720603943,0.0992235466837883,0.09921705722808838,6.489455699920654e-06,6.540237591588668e-05,0.050426509231328964,-0.025688278892447455,-0.036514132723228544
11,25,1.48,0.3,glare,0.06882758438587189,0.11674465239048004,0.11674465239048004,0.11652132123708725,0.2425137311220169,0.24000123143196106,0.11674433946609497,0.11673864722251892,5.692243576049805e-06,4.875819763152587e-05,0.050426509231328964,-0.027876232873875854,-0.03060549667920158
11,25,1.48,0.3,weak_texture,0.06882758438587189,0.06531313806772232,0.06531313806772232,0.06529316306114197,0.13150286674499512,0.13142029941082,0.06531259417533875,0.06530238687992096,1.0207295417785645e-05,0.00015628372363196986,0.050426509231328964,-0.007431892202177519,0.01534157976665802
11,25,1.48,0.42,mixed,0.07076625525951385,0.11316840350627899,0.11316840350627899,0.11298823356628418,0.20049628615379333,0.20001494884490967,0.11316809058189392,0.11316224932670593,5.841255187988281e-06,5.161574396062877e-05,0.05033782869577408,-0.028433676532763345,-0.04917036121224461
11,25,1.48,0.42,glare,0.07076625525951385,0.11908389627933502,0.11908389627933502,0.11884167045354843,0.24282434582710266,0.24067218601703644,0.11908358335494995,0.11907777935266495,5.804002285003662e-06,4.873889516495144e-05,0.05033782869577408,-0.034498893380711,-0.03375124359478727
11,25,1.48,0.42,weak_texture,0.07076625525951385,0.06555813550949097,0.06555813550949097,0.06556987017393112,0.13131491839885712,0.13130736351013184,0.0655575841665268,0.06554745882749557,1.0125339031219482e-05,0.0001544495447772983,0.05033782869577408,0.004905398474454401,0.03160115266423568
11,25,1.76,0.3,mixed,0.08269590139389038,0.10789815336465836,0.10789815336465836,0.10673839598894119,0.18664471805095673,0.18533089756965637,0.1078978031873703,0.10789124667644501,6.556510925292969e-06,6.076593527958338e-05,0.0517059750854969,-0.07481902904326099,-0.00752875446529161
11,25,1.76,0.3,glare,0.08269590139389038,0.12662741541862488,0.12662741541862488,0.12581659853458405,0.242649644613266,0.23434317111968994,0.1266271024942398,0.12662146985530853,5.632638931274414e-06,4.4482096015192635e-05,0.0517059750854969,-0.041016888856851653,-0.05302246403371833
11,25,1.76,0.3,weak_texture,0.08269590139389038,0.07285083085298538,0.07285083085298538,0.07291382551193237,0.14314055442810059,0.14298158884048462,0.0728503093123436,0.07284073531627655,9.573996067047119e-06,0.00013142011554129285,0.0517059750854969,0.00882645467760474,0.019686243449174322
11,25,1.76,0.42,mixed,0.08337851613759995,0.12049790471792221,0.12049790471792221,0.11935018748044968,0.20876000821590424,0.20615816116333008,0.12049758434295654,0.12049166858196259,5.9157609939575195e-06,4.909443642554909e-05,0.05134560912847519,-0.07172793013733757,-0.014111993851430228
11,25,1.76,0.42,glare,0.08337851613759995,0.12800529599189758,0.12800529599189758,0.12720629572868347,0.24285560846328735,0.23517602682113647,0.1280049979686737,0.12799927592277527,5.7220458984375e-06,4.4701738129302103e-05,0.05134560912847519,-0.045587409217978304,-0.04138508358940085
11,25,1.76,0.42,weak_texture,0.08337851613759995,0.07234759628772736,0.07234759628772736,0.07245214283466339,0.1416308581829071,0.1415407359600067,0.07234708964824677,0.07233752310276031,9.566545486450195e-06,0.00013223124154631462,0.05134560912847519,0.016332388275289794,0.025552320471633787
11,33,1.2,0.3,mixed,0.06920977681875229,0.09971439838409424,0.09971439838409424,0.09970542043447495,0.17717617750167847,0.17717823386192322,0.09971404820680618,0.0997074618935585,6.586313247680664e-06,6.605200938207523e-05,0.0500079020857811,-0.008479260648900151,0.0050871538736975965
11,33,1.2,0.3,glare,0.06920977681875229,0.11724822223186493,0.11724822223186493,0.11724250763654709,0.242649644613266,0.242680624127388,0.11724791675806046,0.11724214255809784,5.774199962615967e-06,4.924778300778642e-05,0.0500079020857811,-0.00415336545091297,0.0019167839984383429
11,33,1.2,0.3,weak_texture,0.06920977681875229,0.06551194936037064,0.06551194936037064,0.06550749391317368,0.13243557512760162,0.13243964314460754,0.06551140546798706,0.0655011311173439,1.0274350643157959e-05,0.00015683300594395957,0.0500079020857811,-0.009627689313943383,0.04301309038579332
11,33,1.2,0.42,mixed,0.07161819934844971,0.11409653723239899,0.11409653723239899,0.11408667266368866,0.20053166151046753,0.20054568350315094,0.11409622430801392,0.11409027874469757,5.945563316345215e-06,5.2110079473748275e-05,0.05001121014356613,-0.007376904558250224,-0.004474146231921353
11,33,1.2,0.42,glare,0.07161819934844971,0.12039834260940552,0.12039834260940552,0.12038595974445343,0.24282434582710266,0.24284471571445465,0.12039802968502045,0.12039215862751007,5.8710575103759766e-06,4.876373413863628e-05,0.05001121014356613,-0.008376865941719843,3.946778665806253e-05
11,33,1.2,0.42,weak_texture,0.07161819934844971,0.06587298214435577,0.06587298214435577,0.06586910784244537,0.13199281692504883,0.1319960057735443,0.0658724457025528,0.06586228311061859,1.0162591934204102e-05,0.00015427682737169517,0.05001121014356613,-0.00764767941782874,0.05379693288709978
11,33,1.48,0.3,mixed,0.06869583576917648,0.09911301732063293,0.09911301732063293,0.09910484403371811,0.1760568916797638,0.17606793344020844,0.09911267459392548,0.09910610318183899,6.571412086486816e-06,6.630243925320902e-05,0.05000673979520798,-0.008106725709995804,0.00560048769027344
11,33,1.48,0.3,glare,0.06869583576917648,0.11664842814207077,0.11664842814207077,0.11664186418056488,0.2425137311220169,0.24257761240005493,0.1166481226682663,0.11664238572120667,5.736947059631348e-06,4.918164929191838e-05,0.05000673979520798,-0.005013638495061956,0.0038674431091699803
11,33,1.48,0.3,weak_texture,0.06869583576917648,0.0653533935546875,0.0653533935546875,0.06535014510154724,0.13177081942558289,0.13177728652954102,0.06535285711288452,0.06534256041049957,1.029670238494873e-05,0.0001575555046837991,0.05000673979520798,-0.007434070888373981,0.03975164686351599
11,33,1.48,0.42,mixed,0.07053329050540924,0.11300599575042725,0.11300599575042725,0.11299722641706467,0.19898134469985962,0.1989922970533371,0.11300568282604218,0.11299976706504822,5.9157609939575195e-06,5.2349234534196646e-05,0.05000922083854675,-0.006983081144246821,-0.0016443597872066221
11,33,1.48,0.42,glare,0.07053329050540924,0.11893735826015472,0.11893735826015472,0.1189274713397026,0.24282434582710266,0.24284471571445465,0.11893704533576965,0.11893121153116226,5.833804607391357e-06,4.904951683406981e-05,0.05000922083854675,-0.007097469581270598,0.006133185780799544
11,33,1.48,0.42,weak_texture,0.07053329050540924,0.06567634642124176,0.06567634642124176,0.06567344069480896,0.1319335699081421,0.13194821774959564,0.06567580997943878,0.065665602684021,1.0207295417785645e-05,0.0001554194066427389,0.05000922083854675,-0.006109166518029346,0.04889362833176547
11,33,1.76,0.3,mixed,0.08094142377376556,0.10642978549003601,0.10642978549003601,0.10638397186994553,0.1852673441171646,0.18524158000946045,0.10642942786216736,0.10642269253730774,6.735324859619141e-06,6.32844223154314e-05,0.05012774467468262,-0.013951832979260332,-0.059021606099515275
11,33,1.76,0.3,glare,0.08094142377376556,0.1252552717924118,0.1252552717924118,0.1252184808254242,0.2425137311220169,0.24195587635040283,0.12525495886802673,0.12524914741516113,5.811452865600586e-06,4.6396988335797135e-05,0.05012774467468262,-0.008779180394258138,-0.06583026683022945
11,33,1.76,0.3,weak_texture,0.08094142377376556,0.07156436890363693,0.07156436890363693,0.07155650854110718,0.14120985567569733,0.1411973536014557,0.07156383991241455,0.07155390828847885,9.931623935699463e-06,0.00013877991940978245,0.05012774467468262,-0.005240980398635699,-0.004138672559014513
11,33,1.76,0.42,mixed,0.08182673156261444,0.11912450194358826,0.11912450194358826,0.11907149851322174,0.20725537836551666,0.2070414125919342,0.11912418901920319,0.11911818385124207,6.0051679611206055e-06,5.041098714344703e-05,0.050078924745321274,-0.016748831892124196,-0.0619225458217077
11,33,1.76,0.42,glare,0.08182673156261444,0.12663951516151428,0.12663951516151428,0.12657742202281952,0.24274802207946777,0.24257761240005493,0.1266392022371292,0.12663334608078003,5.856156349182129e-06,4.624283986104556e-05,0.050078924745321274,-0.017905632701482096,-0.05955491247857714
11,33,1.76,0.42,weak_texture,0.08182673156261444,0.07139483094215393,0.07139483094215393,0.0713823214173317,0.1403830200433731,0.1403806209564209,0.07139430195093155,0.07138437032699585,9.931623935699463e-06,0.00013910947602688726,0.050078924745321274,-0.009997504941686351,0.0039393326323301356
23,17,1.2,0.3,mixed,0.06952700018882751,0.09818416088819504,0.09818416088819504,0.09745833277702332,0.18051084876060486,0.17999646067619324,0.09818381071090698,0.09817769378423691,6.116926670074463e-06,6.230076654984577e-05,0.05505824461579323,-0.025748006740804966,-0.0446994994736806
23,17,1.2,0.3,glare,0.06952700018882751,0.11843915283679962,0.11843915283679962,0.11640802025794983,0.25137579441070557,0.23516196012496948,0.11843884736299515,0.11843353509902954,5.3122639656066895e-06,4.4852378116493265e-05,0.05505824461579323,-0.05507285254727331,-0.02350895788594526
23,17,1.2,0.3,weak_texture,0.06952700018882751,0.06555387377738953,0.06555387377738953,0.06549042463302612,0.132484570145607,0.1324615776538849,0.06555333733558655,0.06554397940635681,9.357929229736328e-06,0.00014275290336219457,0.05505824461579323,-0.005102484764883083,0.03557485991814605
23,17,1.2,0.42,mixed,0.07153886556625366,0.11426393687725067,0.11426393687725067,0.11293387413024902,0.2100602090358734,0.20418784022331238,0.1142636239528656,0.11425811797380447,5.505979061126709e-06,4.818663079859918e-05,0.054167114198207855,-0.04305528496879237,-0.05141651282894845
23,17,1.2,0.42,glare,0.07153886556625366,0.12113615870475769,0.12113615870475769,0.11864017695188522,0.2515394985675812,0.22954891622066498,0.12113585323095322,0.12113034725189209,5.505979061126709e-06,4.54529267287135e-05,0.054167114198207855,-0.07394579334702074,-0.03991980734221778
23,17,1.2,0.42,weak_texture,0.07153886556625366,0.06547261774539948,0.06547261774539948,0.06546830385923386,0.13177047669887543,0.13169682025909424,0.0654720887541771,0.06546267122030258,9.417533874511719e-06,0.0001438404372567216,0.054167114198207855,-0.0003777942245958681,0.05042427056729188
23,17,1.48,0.3,mixed,0.0693238154053688,0.0976240336894989,0.0976240336894989,0.09675026684999466,0.18020956218242645,0.17944395542144775,0.09762369096279144,0.09761759638786316,6.094574928283691e-06,6.242926146488965e-05,0.05529056861996651,-0.030202858089336468,-0.042433728647122936
23,17,1.48,0.3,glare,0.0693238154053688,0.11790930479764938,0.11790930479764938,0.11565665900707245,0.25137579441070557,0.23467065393924713,0.11790899932384491,0.11790372431278229,5.27501106262207e-06,4.473798516544018e-05,0.05529056861996651,-0.05948187299558057,-0.02032802618418499
23,17,1.48,0.3,weak_texture,0.0693238154053688,0.06562768667936325,0.06562768667936325,0.06552612781524658,0.1328248828649521,0.13270807266235352,0.06562715768814087,0.06561780720949173,9.350478649139404e-06,0.0001424787996087339,0.05529056861996651,-0.00795195613601433,0.03441219732263141
23,17,1.48,0.42,mixed,0.07056628912687302,0.11285527050495148,0.11285527050495148,0.11132779717445374,0.20826183259487152,0.20268280804157257,0.112854965031147,0.11284948885440826,5.476176738739014e-06,4.852402140417691e-05,0.054361991584300995,-0.04812240188900389,-0.04943233249527825
23,17,1.48,0.42,glare,0.07056628912687302,0.1198265329003334,0.1198265329003334,0.11694929748773575,0.2515394985675812,0.22827617824077606,0.11982622742652893,0.11982077360153198,5.453824996948242e-06,4.551445133572479e-05,0.054361991584300995,-0.08287038863399192,-0.03344305294969668
23,17,1.48,0.42,weak_texture,0.07056628912687302,0.06533084064722061,0.06533084064722061,0.06528950482606888,0.13166013360023499,0.1316494345664978,0.06533031165599823,0.06532087922096252,9.432435035705566e-06,0.0001443806832787325,0.054361991584300995,-0.003533345632282723,0.04120505979186925
23,17,1.76,0.3,mixed,0.08296014368534088,0.10855992138385773,0.10855992138385773,0.10894770175218582,0.18807893991470337,0.18713104724884033,0.10855956375598907,0.10855300724506378,6.556510925292969e-06,6.039551651137927e-05,0.0547257661819458,0.01436392499277331,-0.08569418285814277
23,17,1.76,0.3,glare,0.08296014368534088,0.12762290239334106,0.12762290239334106,0.1258796751499176,0.2515394985675812,0.23272749781608582,0.127622589468956,0.12761721014976501,5.379319190979004e-06,4.215021191281748e-05,0.0547257661819458,-0.049647371839733306,-0.027791192669445682
23,17,1.76,0.3,weak_texture,0.08296014368534088,0.07325032353401184,0.07325032353401184,0.0737655833363533,0.14395785331726074,0.1444302201271057,0.07324983179569244,0.07324080169200897,9.03010368347168e-06,0.0001232781490701349,0.0547257661819458,0.04005630751848611,-0.016885491284686263
23,17,1.76,0.42,mixed,0.083945132791996,0.1223921850323677,0.1223921850323677,0.12159346789121628,0.21451865136623383,0.20697438716888428,0.12239186465740204,0.12238609790802002,5.766749382019043e-06,4.711709718747455e-05,0.05424454063177109,-0.02600392029810119,-0.06640656541406983
23,17,1.76,0.42,glare,0.083945132791996,0.12930141389369965,0.12930141389369965,0.1268211305141449,0.25182536244392395,0.2265952229499817,0.12930110096931458,0.12929560244083405,5.498528480529785e-06,4.252499351753148e-05,0.05424454063177109,-0.07410205049895428,-0.032231270127904395
23,17,1.76,0.42,weak_texture,0.083945132791996,0.07284936308860779,0.07284936308860779,0.07321315258741379,0.14290067553520203,0.14303821325302124,0.0728488564491272,0.07283979654312134,9.059906005859375e-06,0.00012436579580609082,0.05424454063177109,0.029724445067144434,0.006664807513992335
23,25,1.2,0.3,mixed,0.06934359669685364,0.09931609034538269,0.09931609034538269,0.09923463314771652,0.1775987297296524,0.1774914711713791,0.09931573271751404,0.09930899739265442,6.735324859619141e-06,6.781730019327931e-05,0.05032955855131149,-0.01574736596139909,-0.041426302702957954
23,25,1.2,0.3,glare,0.06934359669685364,0.11816152930259705,0.11816152930259705,0.11793871968984604,0.25137579441070557,0.2488478571176529,0.11816123127937317,0.11815537512302399,5.856156349182129e-06,4.9560725508489263e-05,0.05032955855131149,-0.03267879875125152,-0.04190941418203088
23,25,1.2,0.3,weak_texture,0.06934359669685364,0.06524619460105896,0.06524619460105896,0.06526355445384979,0.13235154747962952,0.13236522674560547,0.06524565815925598,0.06523539870977402,1.0259449481964111e-05,0.00015724340548335276,0.05032955855131149,0.007579557592558753,0.008844749869658707
23,25,1.2,0.42,mixed,0.07143937796354294,0.11505399644374847,0.11505399644374847,0.1149115115404129,0.2038213610649109,0.2032085359096527,0.1150536835193634,0.11504769325256348,5.990266799926758e-06,5.20649719043424e-05,0.050273120403289795,-0.025748982377582833,-0.04385853561730147
23,25,1.2,0.42,glare,0.07143937796354294,0.12091483175754547,0.12091483175754547,0.12072602659463882,0.25137579441070557,0.249601811170578,0.1209145188331604,0.12090855836868286,5.9604644775390625e-06,4.929486165150603e-05,0.050273120403289795,-0.03106063564205773,-0.04995631323295399
23,25,1.2,0.42,weak_texture,0.07143937796354294,0.06494924426078796,0.06494924426078796,0.06497707217931747,0.13067039847373962,0.13073259592056274,0.06494870781898499,0.0649385154247284,1.0192394256591797e-05,0.00015692990051470253,0.050273120403289795,0.013752494321987468,0.010883373216188548
23,25,1.48,0.3,mixed,0.0689808577299118,0.09882671386003494,0.09882671386003494,0.09873032569885254,0.17681051790714264,0.1766749620437622,0.09882636368274689,0.09881964325904846,6.720423698425293e-06,6.800233710914677e-05,0.050359904766082764,-0.01757321223898357,-0.03454552594069293
23,25,1.48,0.3,glare,0.0689808577299118,0.11756916344165802,0.11756916344165802,0.1173253208398819,0.25137579441070557,0.24874436855316162,0.11756885051727295,0.11756303906440735,5.811452865600586e-06,4.94302091075287e-05,0.050359904766082764,-0.033693070788728886,-0.03461116153555919
23,25,1.48,0.3,weak_texture,0.0689808577299118,0.06533384323120117,0.06533384323120117,0.06534765660762787,0.1324680894613266,0.13247588276863098,0.0653332993388176,0.06532303988933563,1.0259449481964111e-05,0.00015703247173786138,0.050359904766082764,0.0057013786650150725,0.009235374586639478
23,25,1.48,0.42,mixed,0.07055824995040894,0.11402426660060883,0.11402426660060883,0.11386403441429138,0.2025841772556305,0.20206612348556519,0.11402395367622375,0.114018015563488,5.938112735748291e-06,5.207776562992926e-05,0.05031266063451767,-0.026621695525789527,-0.03552895691670034
23,25,1.48,0.42,glare,0.07055824995040894,0.11964190751314163,0.11964190751314163,0.11941405385732651,0.25182536244392395,0.249601811170578,0.11964158713817596,0.1196356937289238,5.893409252166748e-06,4.9258868869403714e-05,0.05031266063451767,-0.034430280840374874,-0.03960280076804154
23,25,1.48,0.42,weak_texture,0.07055824995040894,0.06519865989685059,0.06519865989685059,0.06522568315267563,0.13158132135868073,0.1315879374742508,0.06519811600446701,0.065187968313694,1.0147690773010254e-05,0.00015564392646430137,0.05031266063451767,0.012148947315538073,0.011420954522684159
23,25,1.76,0.3,mixed,0.08272473514080048,0.10745750367641449,0.10745750367641449,0.10640157759189606,0.18710631132125854,0.18560171127319336,0.10745714604854584,0.107450470328331,6.67572021484375e-06,6.212448832232958e-05,0.051755860447883606,-0.0667502050690281,-0.00026954888202627384
23,25,1.76,0.3,glare,0.08272473514080048,0.12721677124500275,0.12721677124500275,0.12651829421520233,0.25137579441070557,0.24256731569766998,0.12721645832061768,0.12721076607704163,5.692243576049805e-06,4.474455311201881e-05,0.051755860447883606,-0.034038048657678587,-0.04581728574714568
23,25,1.76,0.3,weak_texture,0.08272473514080048,0.07234807312488556,0.07234807312488556,0.07254378497600555,0.14239466190338135,0.14262133836746216,0.07234755158424377,0.07233801484107971,9.5367431640625e-06,0.0001318184645538089,0.051755860447883606,0.026292592281404174,0.007216028281941246
23,25,1.76,0.42,mixed,0.08323805034160614,0.12120352685451508,0.12120352685451508,0.12001404911279678,0.2109319567680359,0.20783139765262604,0.12120320647954941,0.12119727581739426,5.930662155151367e-06,4.89315615272278e-05,0.05152728036046028,-0.06763288558103464,-0.010582890395110862
23,25,1.76,0.42,glare,0.08323805034160614,0.12865997850894928,0.12865997850894928,0.1277812123298645,0.2515394985675812,0.24024954438209534,0.1286596655845642,0.12865391373634338,5.751848220825195e-06,4.4705916144672975e-05,0.05152728036046028,-0.046026120985178984,-0.036143192647434125
23,25,1.76,0.42,weak_texture,0.08323805034160614,0.07205310463905334,0.07205310463905334,0.07227697968482971,0.1412186622619629,0.14146554470062256,0.07205258309841156,0.07204306125640869,9.521842002868652e-06,0.00013215129275606175,0.05152728036046028,0.03237763845172696,0.019914199581968054
23,33,1.2,0.3,mixed,0.06885494291782379,0.09901642054319382,0.09901642054319382,0.09901506453752518,0.1761483997106552,0.1761574149131775,0.09901605546474457,0.09900929033756256,6.765127182006836e-06,6.832353753392662e-05,0.050001077353954315,-0.006393482099942331,-0.012462071038535787
23,33,1.2,0.3,glare,0.06885494291782379,0.11790291965007782,0.11790291965007782,0.11790120601654053,0.25137579441070557,0.2515029311180115,0.11790261417627335,0.11789673566818237,5.8785080909729e-06,4.985901400103042e-05,0.050001077353954315,-0.006159389416038323,-0.018380101994420396
23,33,1.2,0.3,weak_texture,0.06885494291782379,0.06494903564453125,0.06494903564453125,0.06494814157485962,0.1313835233449936,0.13139425218105316,0.06494849920272827,0.06493820250034332,1.029670238494873e-05,0.00015853641748993948,0.050001077353954315,-0.009572958707569149,0.02979710748442305
23,33,1.2,0.42,mixed,0.07106197625398636,0.11488203704357147,0.11488203704357147,0.11487627774477005,0.20350909233093262,0.2035408765077591,0.1148817166686058,0.1148756816983223,6.034970283508301e-06,5.253203432637686e-05,0.0500042624771595,-0.010498307079024669,-0.00989304107300468
23,33,1.2,0.42,glare,0.07106197625398636,0.12056335806846619,0.12056335806846619,0.12055943161249161,0.2515394985675812,0.2515552341938019,0.12056303024291992,0.12055704742670059,5.982816219329834e-06,4.962397019447158e-05,0.0500042624771595,-0.0064866277222970095,-0.015740785599711874
23,33,1.2,0.42,weak_texture,0.07106197625398636,0.06488586217164993,0.06488586217164993,0.0648832619190216,0.13080398738384247,0.13080692291259766,0.06488531827926636,0.06487508863210678,1.0229647159576416e-05,0.0001576573473146579,0.0500042624771595,-0.012890132559049965,0.025727065499437228
23,33,1.48,0.3,mixed,0.0685984343290329,0.09843938052654266,0.09843938052654266,0.09843796491622925,0.17545025050640106,0.1754627376794815,0.09843902289867401,0.0984322652220726,6.757676601409912e-06,6.864835105449771e-05,0.050001125782728195,-0.00645640381404484,-0.008173642787080262
23,33,1.48,0.3,glare,0.0685984343290329,0.11730140447616577,0.11730140447616577,0.11729961633682251,0.25137579441070557,0.2515029311180115,0.1173010915517807,0.11729522049427032,5.8710575103759766e-06,5.005117542136674e-05,0.050001125782728195,-0.006213116605651959,-0.014103145330493482
23,33,1.48,0.3,weak_texture,0.0685984343290329,0.06500449776649475,0.06500449776649475,0.06500358879566193,0.13163138926029205,0.13163457810878754,0.06500396132469177,0.06499363481998444,1.0326504707336426e-05,0.00015885962173529724,0.050001125782728195,-0.009499156322516194,0.028927007252588833
23,33,1.48,0.42,mixed,0.07003873586654663,0.11363576352596283,0.11363576352596283,0.11363023519515991,0.2024925947189331,0.20252454280853271,0.11363544315099716,0.11362943053245544,6.012618541717529e-06,5.291147176438646e-05,0.0500037707388401,-0.011169154080386028,-0.009251910019385091
23,33,1.48,0.42,glare,0.07003873586654663,0.11926718056201935,0.11926718056201935,0.11926159262657166,0.2515394985675812,0.2515552341938019,0.11926685273647308,0.11926092207431793,5.930662155151367e-06,4.972598856327251e-05,0.0500037707388401,-0.010264812650123707,-0.012162271328086042
23,33,1.48,0.42,weak_texture,0.07003873586654663,0.06486205011606216,0.06486205011606216,0.06485914438962936,0.13088446855545044,0.1308872103691101,0.06486150622367859,0.06485126912593842,1.023709774017334e-05,0.0001578300957870162,0.0500037707388401,-0.015967453222555994,0.026293492476558832
23,33,1.76,0.3,mixed,0.0811346247792244,0.10588180273771286,0.10588180273771286,0.10583794116973877,0.18517926335334778,0.1851414293050766,0.10588143765926361,0.10587453842163086,6.899237632751465e-06,6.516002979628835e-05,0.05009797215461731,-0.016853600412724972,-0.03206976788157232
23,33,1.76,0.3,glare,0.0811346247792244,0.12606658041477203,0.12606658041477203,0.1260497123003006,0.25137579441070557,0.2510802745819092,0.12606626749038696,0.12606032192707062,5.945563316345215e-06,4.716220631183982e-05,0.05009797215461731,-0.004992116209551504,-0.049211566109503974
23,33,1.76,0.3,weak_texture,0.0811346247792244,0.07138757407665253,0.07138757407665253,0.07137161493301392,0.14098501205444336,0.14097024500370026,0.07138703763484955,0.07137702405452728,1.0013580322265625e-05,0.00014027168872710332,0.05009797215461731,-0.013147824851606383,-0.008617357451033045
23,33,1.76,0.42,mixed,0.08185814321041107,0.11985816061496735,0.11985816061496735,0.1197996586561203,0.20768292248249054,0.20750577747821808,0.11985784769058228,0.11985175311565399,6.094574928283691e-06,5.084835950013949e-05,0.0500718429684639,-0.019770677982845365,-0.0438475084078698
23,33,1.76,0.42,glare,0.08185814321041107,0.1274205446243286,0.1274205446243286,0.12734366953372955,0.2515394985675812,0.2510802745819092,0.12742024660110474,0.1274142563343048,5.990266799926758e-06,4.701189143574316e-05,0.0500718429684639,-0.023914847507963483,-0.04384941817707757
23,33,1.76,0.42,weak_texture,0.08185814321041107,0.07103542238473892,0.07103542238473892,0.0710206851363182,0.14025340974330902,0.14021658897399902,0.07103489339351654,0.07102490216493607,9.991228580474854e-06,0.00014065240479950897,0.0500718429684639,-0.012772045084030553,-0.005124042530330404
37,17,1.2,0.3,mixed,0.06945708394050598,0.09910081326961517,0.09910081326961517,0.09864168614149094,0.17985674738883972,0.17933455109596252,0.09910047054290771,0.09909436106681824,6.109476089477539e-06,6.164931464005822e-05,0.05484338849782944,-0.01592275105082952,-0.06695010127091208
37,17,1.2,0.3,glare,0.06945708394050598,0.11894956231117249,0.11894956231117249,0.11742512881755829,0.25268495082855225,0.23558247089385986,0.11894926428794861,0.1189439594745636,5.304813385009766e-06,4.459727781222792e-05,0.05484338849782944,-0.040659077866545275,-0.05468954914489459
37,17,1.2,0.3,weak_texture,0.06945708394050598,0.06586816161870956,0.06586816161870956,0.0660591572523117,0.1318240761756897,0.1321592628955841,0.06586763262748718,0.06585831940174103,9.313225746154785e-06,0.00014139305413973978,0.05484338849782944,0.015112072973549183,0.024509024114103325
37,17,1.2,0.42,mixed,0.07150915265083313,0.11387629061937332,0.11387629061937332,0.11308405548334122,0.20752650499343872,0.2020559012889862,0.11387598514556885,0.11387038230895996,5.602836608886719e-06,4.9201213071610796e-05,0.05383114144206047,-0.02626855998724769,-0.075811338945461
37,17,1.2,0.42,glare,0.07150915265083313,0.12179267406463623,0.12179267406463623,0.11988737434148788,0.25268495082855225,0.23002299666404724,0.12179237604141235,0.12178689241409302,5.4836273193359375e-06,4.502438902638184e-05,0.05383114144206047,-0.05678412803443028,-0.05737699611561778
37,17,1.2,0.42,weak_texture,0.07150915265083313,0.0661587044596672,0.0661587044596672,0.0663716048002243,0.13193437457084656,0.13218171894550323,0.06615818291902542,0.06614882498979568,9.357929229736328e-06,0.00014144779703502444,0.05383114144206047,0.018762847690154436,0.036207403081290064
37,17,1.48,0.3,mixed,0.06895701587200165,0.09848279505968094,0.09848279505968094,0.0978706032037735,0.17952455580234528,0.17891782522201538,0.09848245978355408,0.09847638010978699,6.079673767089844e-06,6.173356941380041e-05,0.05506833642721176,-0.02068047479063526,-0.06532273443343953
37,17,1.48,0.3,glare,0.06895701587200165,0.11830651760101318,0.11830651760101318,0.11655419319868088,0.2524122893810272,0.2349751591682434,0.1183062195777893,0.11830094456672668,5.27501106262207e-06,4.458777468714245e-05,0.05506833642721176,-0.0454772549222671,-0.05245657266141793
37,17,1.48,0.3,weak_texture,0.06895701587200165,0.06579519808292389,0.06579519808292389,0.06597539037466049,0.13178254663944244,0.1319907307624817,0.06579466164112091,0.06578531861305237,9.34302806854248e-06,0.00014200282873258512,0.05506833642721176,0.014007783701386759,0.022030820047630975
37,17,1.48,0.42,mixed,0.07050015032291412,0.1127355545759201,0.1127355545759201,0.11162997782230377,0.20585107803344727,0.19972702860832214,0.11273524165153503,0.11272966861724854,5.5730342864990234e-06,4.943471273805656e-05,0.05413013696670532,-0.03493701067253691,-0.07413756068639234
37,17,1.48,0.42,glare,0.07050015032291412,0.12059977650642395,0.12059977650642395,0.11825509369373322,0.25268495082855225,0.22880885004997253,0.12059947103261948,0.12059401720762253,5.453824996948242e-06,4.522262784612964e-05,0.05413013696670532,-0.06653224834241254,-0.054034424105594184
37,17,1.48,0.42,weak_texture,0.07050015032291412,0.06583593785762787,0.06583593785762787,0.06603896617889404,0.13086533546447754,0.1310618370771408,0.06583540886640549,0.06582601368427277,9.395182132720947e-06,0.00014270712819276077,0.05413013696670532,0.017211762797633735,0.03121501432224446
37,17,1.76,0.3,mixed,0.08298936486244202,0.10958119481801987,0.10958119481801987,0.11005819588899612,0.18866398930549622,0.1877947449684143,0.10958084464073181,0.10957437753677368,6.467103958129883e-06,5.901673763633342e-05,0.05472097173333168,0.016790952741177503,-0.08934040481783867
37,17,1.76,0.3,glare,0.08298936486244202,0.12859025597572327,0.12859025597572327,0.12690488994121552,0.2524122893810272,0.2296345829963684,0.1285899579524994,0.12858456373214722,5.3942203521728516e-06,4.1949001602173744e-05,0.05472097173333168,-0.04595499555906773,-0.03162784890951424
37,17,1.76,0.3,weak_texture,0.08298936486244202,0.07357803732156754,0.07357803732156754,0.07418786734342575,0.1436493694782257,0.14432406425476074,0.07357753813266754,0.07356850057840347,9.037554264068604e-06,0.00012283034324650824,0.05472097173333168,0.04604629689596821,-0.0075323372027119055
37,17,1.76,0.42,mixed,0.08381113409996033,0.12216509878635406,0.12216509878635406,0.12164285778999329,0.21255972981452942,0.20659875869750977,0.1221647709608078,0.122158944606781,5.826354026794434e-06,4.7692587486318873e-05,0.05419477820396423,-0.016553652471799515,-0.0762657207752625
37,17,1.76,0.42,glare,0.08381113409996033,0.12996350228786469,0.12996350228786469,0.12765663862228394,0.2524122893810272,0.22432544827461243,0.12996318936347961,0.1299576759338379,5.513429641723633e-06,4.242300969010335e-05,0.05419477820396423,-0.065854194804383,-0.034946436971130104
37,17,1.76,0.42,weak_texture,0.08381113409996033,0.073287233710289,0.073287233710289,0.07376835495233536,0.1428895741701126,0.14303404092788696,0.07328671962022781,0.07327765226364136,9.067356586456299e-06,0.00012372441601211503,0.05419477820396423,0.03811287617713675,0.011731017675723484
37,25,1.2,0.3,mixed,0.06953248381614685,0.10047653317451477,0.10047653317451477,0.10042376071214676,0.17824885249137878,0.17809578776359558,0.10047619044780731,0.10046954452991486,6.645917892456055e-06,6.614420653128065e-05,0.050327617675065994,-0.010161805407643361,-0.04638025265875233
37,25,1.2,0.3,glare,0.06953248381614685,0.11877301335334778,0.11877301335334778,0.11862125992774963,0.2517758011817932,0.2490028738975525,0.1187727078795433,0.11876693367958069,5.774199962615967e-06,4.861554531931725e-05,0.050327617675065994,-0.022290597842015782,-0.03483794278870477
37,25,1.2,0.3,weak_texture,0.06953248381614685,0.06566645205020905,0.06566645205020905,0.06567007303237915,0.13171781599521637,0.13165885210037231,0.06566591560840607,0.06565584242343903,1.0073184967041016e-05,0.0001534005103516979,0.050327617675065994,0.0016157660899291568,0.016086744147564634
37,25,1.2,0.42,mixed,0.0717586800456047,0.11503323167562485,0.11503323167562485,0.11495792865753174,0.2034684419631958,0.20325887203216553,0.11503291130065918,0.11502690613269806,6.0051679611206055e-06,5.220391184767132e-05,0.05028465762734413,-0.012925031335234921,-0.05218268898470801
37,25,1.2,0.42,glare,0.0717586800456047,0.12191268801689148,0.12191268801689148,0.12174750864505768,0.25268495082855225,0.24972684681415558,0.121912382543087,0.12190649658441544,5.885958671569824e-06,4.828023658293753e-05,0.05028465762734413,-0.02536833778099487,-0.042937850994077244
37,25,1.2,0.42,weak_texture,0.0717586800456047,0.06587191671133041,0.06587191671133041,0.06586132198572159,0.13157938420772552,0.13156813383102417,0.06587138772010803,0.06586134433746338,1.004338264465332e-05,0.00015246957734256839,0.05028465762734413,-0.004853619067071768,0.024447163455867116
37,25,1.48,0.3,mixed,0.06902686506509781,0.09993531554937363,0.09993531554937363,0.0998690277338028,0.17759603261947632,0.17755460739135742,0.09993496537208557,0.0999283492565155,6.616115570068359e-06,6.620421136320734e-05,0.05033208429813385,-0.012773702259004692,-0.044516157058172676
37,25,1.48,0.3,glare,0.06902686506509781,0.11816583573818207,0.11816583573818207,0.11799892038106918,0.2524122893810272,0.24972684681415558,0.11816553771495819,0.11815978586673737,5.751848220825195e-06,4.8676190470185515e-05,0.05033208429813385,-0.02452611313908004,-0.03260432668024357
37,25,1.48,0.3,weak_texture,0.06902686506509781,0.0655548945069313,0.0655548945069313,0.06555989384651184,0.13151705265045166,0.1314510703086853,0.06555436551570892,0.0655442476272583,1.0117888450622559e-05,0.00015434347310093314,0.05033208429813385,0.002230600741282049,0.010479596243074256
37,25,1.48,0.42,mixed,0.07083359360694885,0.11393027007579803,0.11393027007579803,0.11382098495960236,0.20314858853816986,0.2025151252746582,0.11392995715141296,0.11392398923635483,5.967915058135986e-06,5.238231635780065e-05,0.05032704398036003,-0.017442335243919593,-0.053189771979033684
37,25,1.48,0.42,glare,0.07083359360694885,0.12063794583082199,0.12063794583082199,0.12043613940477371,0.25268495082855225,0.2490028738975525,0.12063764035701752,0.12063179165124893,5.848705768585205e-06,4.8481599534576646e-05,0.05032704398036003,-0.02878847516328262,-0.04050536330008014
37,25,1.48,0.42,weak_texture,0.07083359360694885,0.06561532616615295,0.06561532616615295,0.06561226397752762,0.13069410622119904,0.1306665539741516,0.06561478972434998,0.06560470163822174,1.0088086128234863e-05,0.0001537471379640972,0.05032704398036003,-0.0013075730155175124,0.01820420208152412
37,25,1.76,0.3,mixed,0.08284434676170349,0.10852506756782532,0.10852506756782532,0.10753223299980164,0.1872156262397766,0.18592607975006104,0.10852470993995667,0.10851813852787018,6.571412086486816e-06,6.055221976748497e-05,0.05169740319252014,-0.06344348089957491,-0.006558704313706601
37,25,1.76,0.3,glare,0.08284434676170349,0.1280122995376587,0.1280122995376587,0.12733422219753265,0.2524122893810272,0.24017438292503357,0.12801200151443481,0.12800636887550354,5.632638931274414e-06,4.4000866048792074e-05,0.05169740319252014,-0.03360770063374251,-0.06247356287790126
37,25,1.76,0.3,weak_texture,0.08284434676170349,0.07277572900056839,0.07277572900056839,0.07294432818889618,0.1412210613489151,0.14130590856075287,0.0727752149105072,0.07276570796966553,9.506940841674805e-06,0.0001306343217724006,0.05169740319252014,0.023291019589395067,0.008346005706668887
37,25,1.76,0.42,mixed,0.0832962617278099,0.12118381261825562,0.12118381261825562,0.12011339515447617,0.21005624532699585,0.20808008313179016,0.12118348479270935,0.1211775690317154,5.9157609939575195e-06,4.881656113518056e-05,0.051450323313474655,-0.06262627175718559,-0.0262948306524322
37,25,1.76,0.42,glare,0.0832962617278099,0.1292320042848587,0.1292320042848587,0.1283874809741974,0.2524122893810272,0.23826712369918823,0.12923170626163483,0.1292259842157364,5.7220458984375e-06,4.427741507067148e-05,0.051450323313474655,-0.04466543183506139,-0.05856102338558444
37,25,1.76,0.42,weak_texture,0.0832962617278099,0.07198232412338257,0.07198232412338257,0.0721883624792099,0.14020955562591553,0.14039193093776703,0.07198180258274078,0.07197223603725433,9.566545486450195e-06,0.0001329022772867317,0.051450323313474655,0.030627961422715733,0.006084226149410284
37,33,1.2,0.3,mixed,0.06910409778356552,0.0998532772064209,0.0998532772064209,0.09984991699457169,0.17710572481155396,0.17711025476455688,0.09985292702913284,0.09984621405601501,6.712973117828369e-06,6.72286062868223e-05,0.05000251159071922,-0.00665739649469811,-0.0073191421212647
37,33,1.2,0.3,glare,0.06910409778356552,0.11840389668941498,0.11840389668941498,0.11839905381202698,0.2517758011817932,0.25194448232650757,0.1184035912156105,0.1183977872133255,5.804002285003662e-06,4.901880276954348e-05,0.05000251159071922,-0.0073170841045184405,-0.004662820140376632
37,33,1.2,0.3,weak_texture,0.06910409778356552,0.06532503664493561,0.06532503664493561,0.06532309204339981,0.13077600300312042,0.13077780604362488,0.06532450020313263,0.06531437486410141,1.0125339031219482e-05,0.00015500063528590033,0.05000251159071922,-0.008906718756143166,0.033555098238552905
37,33,1.2,0.42,mixed,0.07138561457395554,0.11475323140621185,0.11475323140621185,0.11474581807851791,0.20205609500408173,0.2020561695098877,0.11475290358066559,0.11474686861038208,6.034970283508301e-06,5.259100288705128e-05,0.05000584200024605,-0.006009843967961343,-0.009569377430874172
37,33,1.2,0.42,glare,0.07138561457395554,0.1214289516210556,0.1214289516210556,0.12142018228769302,0.2524122893810272,0.25261354446411133,0.12142864614725113,0.12142275273799896,5.893409252166748e-06,4.853392868285851e-05,0.05000584200024605,-0.0063665113504685344,-0.003270594910593959
37,33,1.2,0.42,weak_texture,0.07138561457395554,0.06562764942646027,0.06562764942646027,0.0656246766448021,0.1305432915687561,0.13056206703186035,0.06562711298465729,0.06561697274446487,1.014024019241333e-05,0.00015451297080193026,0.05000584200024605,-0.006477051435332732,0.034721109240985905
37,33,1.48,0.3,mixed,0.06857021152973175,0.09942103922367096,0.09942103922367096,0.09941810369491577,0.17668120563030243,0.1766965389251709,0.09942068159580231,0.09941402077674866,6.660819053649902e-06,6.699631250497414e-05,0.05000217631459236,-0.006566088207155633,-0.003161322375231775
37,33,1.48,0.3,glare,0.06857021152973175,0.11775597929954529,0.11775597929954529,0.11775192618370056,0.2524122893810272,0.25261354446411133,0.11775567382574081,0.1177498921751976,5.781650543212891e-06,4.909870034601297e-05,0.05000217631459236,-0.006910623477136209,-0.004006625665985734
37,33,1.48,0.3,weak_texture,0.06857021152973175,0.06527139246463776,0.06527139246463776,0.06526976078748703,0.13081113994121552,0.13081425428390503,0.06527085602283478,0.06526067852973938,1.017749309539795e-05,0.00015592706631329287,0.05000217631459236,-0.008479710704122201,0.032782331408451056
37,33,1.48,0.42,mixed,0.07040584087371826,0.1135978251695633,0.1135978251695633,0.11359056830406189,0.2015507072210312,0.20155900716781616,0.11359751224517822,0.1135914996266365,6.012618541717529e-06,5.292913922921531e-05,0.05000583454966545,-0.006167134045372149,-0.012261211889851076
37,33,1.48,0.42,glare,0.07040584087371826,0.12018163502216339,0.12018163502216339,0.12017253786325455,0.25268495082855225,0.2527156472206116,0.12018132209777832,0.12017546594142914,5.856156349182129e-06,4.8727674541786274e-05,0.05000583454966545,-0.0069024800868847346,-0.0010581800039192308
37,33,1.48,0.42,weak_texture,0.07040584087371826,0.0654352456331253,0.0654352456331253,0.06543176621198654,0.1304316520690918,0.13044151663780212,0.06543470919132233,0.06542456150054932,1.0147690773010254e-05,0.00015508116255762313,0.05000583454966545,-0.00796211851805779,0.03541713618247263
37,33,1.76,0.3,mixed,0.08079680055379868,0.10679858922958374,0.10679858922958374,0.10677921026945114,0.1852017194032669,0.18515729904174805,0.10679823160171509,0.10679146647453308,6.765127182006836e-06,6.334493633973424e-05,0.05012718588113785,-0.006523721993786851,-0.03565685607052673
37,33,1.76,0.3,glare,0.08079680055379868,0.12644276022911072,0.12644276022911072,0.12639392912387848,0.2524122893810272,0.25134626030921936,0.12644243240356445,0.12643659114837646,5.841255187988281e-06,4.619695364088562e-05,0.05012718588113785,-0.012737248567159054,-0.044874524178787775
37,33,1.76,0.3,weak_texture,0.08079680055379868,0.07123696058988571,0.07123696058988571,0.07125421613454819,0.14008472859859467,0.14010637998580933,0.07123643904924393,0.07122649997472763,9.939074516296387e-06,0.0001395223378505172,0.05012718588113785,0.012751280252086243,-0.012803666575732786
37,33,1.76,0.42,mixed,0.08167409896850586,0.11978345364332199,0.11978345364332199,0.11974278092384338,0.206736758351326,0.2066395878791809,0.11978313326835632,0.11977704614400864,6.087124347686768e-06,5.081787545204273e-05,0.05009758844971657,-0.012663268680988975,-0.04717342986089549
37,33,1.76,0.42,glare,0.08167409896850586,0.12779927253723145,0.12779927253723145,0.1277364045381546,0.2524122893810272,0.25134626030921936,0.12779895961284637,0.1277930736541748,5.885958671569824e-06,4.605638957782381e-05,0.05009758844971657,-0.017666845616376388,-0.04661580534149375
37,33,1.76,0.42,weak_texture,0.08167409896850586,0.0709163099527359,0.0709163099527359,0.07092715054750443,0.1390794962644577,0.13916698098182678,0.07091578096151352,0.07090584188699722,9.939074516296387e-06,0.00014015321246607141,0.05009758844971657,0.008674386307799067,-0.011025199286748309
51,17,1.2,0.3,mixed,0.0701407939195633,0.09988413006067276,0.09988413006067276,0.0988943874835968,0.18092632293701172,0.17993152141571045,0.0998837947845459,0.09987778961658478,6.0051679611206055e-06,6.012154398092342e-05,0.05554616451263428,-0.03231967025799927,-0.03059145173956667
51,17,1.2,0.3,glare,0.0701407939195633,0.11902797967195511,0.11902797967195511,0.11659298837184906,0.2515518367290497,0.23006126284599304,0.11902767419815063,0.11902239918708801,5.27501106262207e-06,4.431751773827426e-05,0.05554616451263428,-0.062383391101344235,-0.0199831025249199
51,17,1.2,0.3,weak_texture,0.0701407939195633,0.06661931425333023,0.06661931425333023,0.06672240048646927,0.1336018592119217,0.13341200351715088,0.06661878526210785,0.06660956889390945,9.216368198394775e-06,0.000138344885187166,0.05554616451263428,0.007743651236552223,0.026780759519816108
51,17,1.2,0.42,mixed,0.07236477732658386,0.11600394546985626,0.11600394546985626,0.11454787850379944,0.21158763766288757,0.2041182816028595,0.11600363999605179,0.11599823087453842,5.409121513366699e-06,4.6628894692880324e-05,0.05425869673490524,-0.04555273703047332,-0.04004037946914472
51,17,1.2,0.42,glare,0.07236477732658386,0.12200290709733963,0.12200290709733963,0.1193382740020752,0.2520611882209778,0.2283574342727661,0.12200260162353516,0.12199711054563522,5.491077899932861e-06,4.500787546217042e-05,0.05425869673490524,-0.07683072944547578,-0.030347390745340885
51,17,1.2,0.42,weak_texture,0.07236477732658386,0.06684602051973343,0.06684602051973343,0.06699170172214508,0.13283054530620575,0.1326756477355957,0.06684549152851105,0.0668361559510231,9.335577487945557e-06,0.00013965904467863372,0.05425869673490524,0.012139251966969387,0.03915152251693186
51,17,1.48,0.3,mixed,0.06975220888853073,0.0991971492767334,0.0991971492767334,0.09807038307189941,0.18041835725307465,0.1786162257194519,0.09919680655002594,0.09919079393148422,6.012618541717529e-06,6.0613025265942466e-05,0.055702999234199524,-0.03620533444214706,-0.02898921482706137
51,17,1.48,0.3,glare,0.06975220888853073,0.11852684617042542,0.11852684617042542,0.11586149781942368,0.2515518367290497,0.22893883287906647,0.11852654814720154,0.11852127313613892,5.27501106262207e-06,4.450489063488867e-05,0.055702999234199524,-0.06714808405863436,-0.01680689831573521
51,17,1.48,0.3,weak_texture,0.06975220888853073,0.06671617180109024,0.06671617180109024,0.06678321212530136,0.13380682468414307,0.13347893953323364,0.06671564280986786,0.06670644879341125,9.194016456604004e-06,0.000137809006544476,0.055702999234199524,0.004954252545032936,0.027157077433688063
51,17,1.48,0.42,mixed,0.07156357914209366,0.11465446650981903,0.11465446650981903,0.11300361156463623,0.20956049859523773,0.20152783393859863,0.11465415358543396,0.11464879661798477,5.356967449188232e-06,4.672283804525682e-05,0.05462927371263504,-0.049181328571277744,-0.03301257075612026
51,17,1.48,0.42,glare,0.07156357914209366,0.12076164782047272,0.12076164782047272,0.11771310865879059,0.2520611882209778,0.22573190927505493,0.12076133489608765,0.12075591087341309,5.424022674560547e-06,4.4915226212328586e-05,0.05462927371263504,-0.08364374192709313,-0.02029823110376299
51,17,1.48,0.42,weak_texture,0.07156357914209366,0.06675639748573303,0.06675639748573303,0.06685231626033783,0.1329239159822464,0.1326756477355957,0.06675586849451065,0.0667465478181839,9.320676326751709e-06,0.00013962332506419492,0.05462927371263504,0.0076423865123863245,0.03640224951406326
51,17,1.76,0.3,mixed,0.08323904871940613,0.10992753505706787,0.10992753505706787,0.11013316363096237,0.18926210701465607,0.18772488832473755,0.10992717742919922,0.10992074757814407,6.429851055145264e-06,5.849191442477031e-05,0.054952047765254974,0.007001640323843973,-0.0712069899534451
51,17,1.76,0.3,glare,0.08323904871940613,0.1279749721288681,0.1279749721288681,0.12603268027305603,0.2515518367290497,0.22851026058197021,0.12797465920448303,0.12796923518180847,5.424022674560547e-06,4.238356803040066e-05,0.054952047765254974,-0.052186415487869224,-0.025971234856741333
51,17,1.76,0.3,weak_texture,0.08323904871940613,0.07372941076755524,0.07372941076755524,0.0744343250989914,0.1437659114599228,0.14461418986320496,0.07372889667749405,0.07371988892555237,9.007751941680908e-06,0.00012217396906239817,0.054952047765254974,0.051138034227932026,-0.017386337536181042
51,17,1.76,0.42,mixed,0.08443252742290497,0.12391288578510284,0.12391288578510284,0.12302323430776596,0.21739700436592102,0.20826131105422974,0.12391257286071777,0.12390687316656113,5.6996941566467285e-06,4.599770648821401e-05,0.054388754069805145,-0.027216350983146283,-0.05800835409643226
51,17,1.76,0.42,glare,0.08443252742290497,0.12983360886573792,0.12983360886573792,0.12730003893375397,0.2523186206817627,0.22365471720695496,0.12983331084251404,0.12982779741287231,5.513429641723633e-06,4.2465447472192594e-05,0.054388754069805145,-0.07159378891064343,-0.03108981759875365
51,17,1.76,0.42,weak_texture,0.08443252742290497,0.07377076894044876,0.07377076894044876,0.07431014627218246,0.14258883893489838,0.14303463697433472,0.07377026975154877,0.07376128435134888,8.985400199890137e-06,0.00012180245822811964,0.054388754069805145,0.04115410905362425,0.006417455432793416
51,25,1.2,0.3,mixed,0.06909461319446564,0.10034626722335815,0.10034626722335815,0.10022159665822983,0.17696958780288696,0.17688317596912384,0.1003459244966507,0.1003393605351448,6.563961505889893e-06,6.541333431143965e-05,0.0504186674952507,-0.020478741091672505,-0.03279387601475002
51,25,1.2,0.3,glare,0.06909461319446564,0.11835227906703949,0.11835227906703949,0.1181095615029335,0.2515518367290497,0.24828699231147766,0.11835197359323502,0.1183461844921112,5.7891011238098145e-06,4.891427618863737e-05,0.0504186674952507,-0.031083728530989164,-0.04190670230205805
51,25,1.2,0.3,weak_texture,0.06909461319446564,0.06560730934143066,0.06560730934143066,0.06564974039793015,0.130623921751976,0.13063514232635498,0.06560677289962769,0.06559664756059647,1.0125339031219482e-05,0.00015433374610134107,0.0504186674952507,0.016180050209772572,0.014949915689094794
51,25,1.2,0.42,mixed,0.07149405032396317,0.11609721183776855,0.11609721183776855,0.11594962328672409,0.20598125457763672,0.2055901288986206,0.11609689891338348,0.11609108000993729,5.81890344619751e-06,5.0121092816947884e-05,0.05032918602228165,-0.02347584700135049,-0.04054771821006334
51,25,1.2,0.42,glare,0.07149405032396317,0.12132405489683151,0.12132405489683151,0.12111678719520569,0.2520611882209778,0.24864043295383453,0.12132374197244644,0.12131783366203308,5.908310413360596e-06,4.8698715661955255e-05,0.05032918602228165,-0.030272930647138502,-0.03900878470087132
51,25,1.2,0.42,weak_texture,0.07149405032396317,0.06592874228954315,0.06592874228954315,0.0659799724817276,0.13104337453842163,0.13105255365371704,0.06592820584774017,0.06591810286045074,1.0102987289428711e-05,0.00015324226041827,0.05032918602228165,0.021938519312790405,0.0290331603197123
51,25,1.48,0.3,mixed,0.06884253025054932,0.09994013607501984,0.09994013607501984,0.09981033205986023,0.17660506069660187,0.1764749437570572,0.09993978589773178,0.09993323683738708,6.549060344696045e-06,6.553006178538032e-05,0.05041201412677765,-0.02165784141257539,-0.031426325790318906
51,25,1.48,0.3,glare,0.06884253025054932,0.11779595911502838,0.11779595911502838,0.11755093932151794,0.2515518367290497,0.24828699231147766,0.11779565364122391,0.11778987944126129,5.774199962615967e-06,4.9018786212628317e-05,0.05041201412677765,-0.03184183021247931,-0.041019262943002316
51,25,1.48,0.3,weak_texture,0.06884253025054932,0.06577517837285995,0.06577517837285995,0.0658114030957222,0.13106384873390198,0.13113781809806824,0.06577464193105698,0.06576453894376755,1.0102987289428711e-05,0.000153600034797884,0.05041201412677765,0.013986316877574888,0.015900104535172398
51,25,1.48,0.42,mixed,0.07055321335792542,0.11501950025558472,0.11501950025558472,0.11484631896018982,0.20439685881137848,0.20381684601306915,0.11501920223236084,0.11501339077949524,5.811452865600586e-06,5.052593612899815e-05,0.050354257225990295,-0.026323976358125067,-0.037092594448433096
51,25,1.48,0.42,glare,0.07055321335792542,0.12007291615009308,0.12007291615009308,0.11983907967805862,0.2520611882209778,0.2484273463487625,0.12007260322570801,0.12006674706935883,5.856156349182129e-06,4.877179466305019e-05,0.050354257225990295,-0.032597889550487605,-0.03585892898834328
51,25,1.48,0.42,weak_texture,0.07055321335792542,0.06566141545772552,0.06566141545772552,0.06571291387081146,0.13033068180084229,0.13036447763442993,0.06566087901592255,0.06565073132514954,1.0147690773010254e-05,0.00015454698330416003,0.050354257225990295,0.021179582598231442,0.023308084823549135
51,25,1.76,0.3,mixed,0.08276879787445068,0.10886870324611664,0.10886870324611664,0.10770070552825928,0.18789967894554138,0.1861788034439087,0.10886834561824799,0.10886175185441971,6.593763828277588e-06,6.056640055318681e-05,0.05173340067267418,-0.07513108460553343,-0.009731785191479
51,25,1.76,0.3,glare,0.08276879787445068,0.12773194909095764,0.12773194909095764,0.1269422471523285,0.25102293491363525,0.24111410975456238,0.12773165106773376,0.12772594392299652,5.707144737243652e-06,4.468074036103438e-05,0.05173340067267418,-0.04023613772785036,-0.05233646877269973
51,25,1.76,0.3,weak_texture,0.08276879787445068,0.07318758964538574,0.07318758964538574,0.0732460618019104,0.14263968169689178,0.14246892929077148,0.07318707555532455,0.07317757606506348,9.499490261077881e-06,0.0001297973745910492,0.05173340067267418,0.008187419175145379,0.01835017997592977
51,25,1.76,0.42,mixed,0.08348514139652252,0.12227927893400192,0.12227927893400192,0.12103019654750824,0.21265847980976105,0.20897969603538513,0.12227896600961685,0.12227316945791245,5.796551704406738e-06,4.740432384708632e-05,0.051460154354572296,-0.07481832735982008,-0.01630902616434614
51,25,1.76,0.42,glare,0.08348514139652252,0.12903116643428802,0.12903116643428802,0.12812095880508423,0.2515518367290497,0.23995265364646912,0.12903085350990295,0.12902510166168213,5.751848220825195e-06,4.457730894869845e-05,0.051460154354572296,-0.05059949596370982,-0.03612645191871432
51,25,1.76,0.42,weak_texture,0.08348514139652252,0.07306551933288574,0.07306551933288574,0.07317137718200684,0.1417807787656784,0.1416301727294922,0.07306499779224396,0.07305543124675751,9.566545486450195e-06,0.0001309319889894763,0.051460154354572296,0.01607480377009199,0.031919956625690867
51,33,1.2,0.3,mixed,0.06909368932247162,0.10035522282123566,0.10035522282123566,0.10035500675439835,0.1768064945936203,0.17680813372135162,0.100354865193367,0.10034821927547455,6.645917892456055e-06,6.622417238716315e-05,0.050000183284282684,-0.004154211027427643,9.106310798558786e-05
51,33,1.2,0.3,glare,0.06909368932247162,0.11826587468385696,0.11826587468385696,0.11826559156179428,0.2515518367290497,0.251705527305603,0.11826556921005249,0.11825971305370331,5.856156349182129e-06,4.951700134111695e-05,0.050000183284282684,-0.004165837317836923,0.008913045159810869
51,33,1.2,0.3,weak_texture,0.06909368932247162,0.06561931222677231,0.06561931222677231,0.06561917811632156,0.1305827796459198,0.13058748841285706,0.06561876833438873,0.06560852378606796,1.0244548320770264e-05,0.00015612222814918972,0.050000183284282684,-0.005734942480566502,0.02843493427514042
51,33,1.2,0.42,mixed,0.07137845456600189,0.11615223437547684,0.11615223437547684,0.11615211516618729,0.20591463148593903,0.20594045519828796,0.11615192890167236,0.1161460429430008,5.885958671569824e-06,5.067465282089756e-05,0.050000593066215515,-0.00073997984977956,0.010819936634660427
51,33,1.2,0.42,glare,0.07137845456600189,0.12124735116958618,0.12124735116958618,0.12124703824520111,0.2520611882209778,0.2522141933441162,0.12124703824520111,0.12124104797840118,5.990266799926758e-06,4.94054690871086e-05,0.050000593066215515,-0.0022297355842905604,0.020745234506135638
51,33,1.2,0.42,weak_texture,0.07137845456600189,0.06566920131444931,0.06566920131444931,0.06566911190748215,0.13043013215065002,0.13043421506881714,0.06566865742206573,0.06565845012664795,1.0207295417785645e-05,0.00015543633475222882,0.050000593066215515,-0.0016676568309038561,0.022606304695705008
51,33,1.48,0.3,mixed,0.06866852194070816,0.09985862672328949,0.09985862672328949,0.0998583734035492,0.175767719745636,0.17577344179153442,0.09985826909542084,0.09985163062810898,6.638467311859131e-06,6.647889425677567e-05,0.05000021308660507,-0.004118210859583676,-0.0007209673655678168
51,33,1.48,0.3,glare,0.06866852194070816,0.11770496517419815,0.11770496517419815,0.11770464479923248,0.2515518367290497,0.251705527305603,0.11770465970039368,0.11769881844520569,5.841255187988281e-06,4.962637165645486e-05,0.05000021308660507,-0.004130300409876243,0.00797273986448936
51,33,1.48,0.3,weak_texture,0.06866852194070816,0.06569299846887589,0.06569299846887589,0.06569284200668335,0.1305008977651596,0.13050681352615356,0.06569245457649231,0.06568218767642975,1.0266900062561035e-05,0.0001562873564209152,0.05000021308660507,-0.005754724097751389,0.02836393721591434
51,33,1.48,0.42,mixed,0.07046154886484146,0.1150757372379303,0.1150757372379303,0.11507546901702881,0.20464324951171875,0.204671710729599,0.11507543176412582,0.11506957560777664,5.856156349182129e-06,5.088971867762095e-05,0.05000017583370209,-0.0065673871222366835,0.0032330726359551926
51,33,1.48,0.42,glare,0.07046154886484146,0.12001603841781616,0.12001603841781616,0.12001574784517288,0.2523186206817627,0.25236353278160095,0.12001572549343109,0.12000980228185654,5.923211574554443e-06,4.935362886989874e-05,0.05000017583370209,-0.0063573998039200535,0.013876775680044612
51,33,1.48,0.42,weak_texture,0.07046154886484146,0.06550511717796326,0.06550511717796326,0.0655049979686737,0.13015100359916687,0.13017795979976654,0.06550458073616028,0.06549433618783951,1.0244548320770264e-05,0.00015639438044849586,0.05000017583370209,-0.0076523401247360736,0.022959284839716043
51,33,1.76,0.3,mixed,0.08108022809028625,0.10723929107189178,0.10723929107189178,0.10720711201429367,0.18578112125396729,0.18575423955917358,0.10723893344402313,0.10723211616277695,6.817281246185303e-06,6.357095345174993e-05,0.050108615309000015,-0.012259706947303627,-0.05548577603829322
51,33,1.76,0.3,glare,0.08108022809028625,0.12628445029258728,0.12628445029258728,0.1262870579957962,0.25102293491363525,0.250623881816864,0.12628412246704102,0.12627820670604706,5.9157609939575195e-06,4.6844851738994175e-05,0.050108615309000015,0.000796285703857274,-0.06746187275082963
51,33,1.76,0.3,weak_texture,0.08108022809028625,0.07188364118337631,0.07188364118337631,0.07188314199447632,0.14070118963718414,0.1406809687614441,0.07188311964273453,0.07187319546937943,9.924173355102539e-06,0.00013805985889909285,0.050108615309000015,-0.00041149824035859386,-0.001262849131821522
51,33,1.76,0.42,mixed,0.08182113617658615,0.12114498019218445,0.12114498019218445,0.1211097314953804,0.21118596196174622,0.21088306605815887,0.12114466726779938,0.12113870680332184,5.9604644775390625e-06,4.920121217026424e-05,0.050074562430381775,-0.012722372790931457,-0.04637175370600383
51,33,1.76,0.42,glare,0.08182113617658615,0.12763404846191406,0.12763404846191406,0.12759165465831757,0.2515518367290497,0.250623881816864,0.127633735537529,0.12762778997421265,5.945563316345215e-06,4.6583007943044976e-05,0.050074562430381775,-0.014185667263150558,-0.055040413299501566
51,33,1.76,0.42,weak_texture,0.08182113617658615,0.07175235450267792,0.07175235450267792,0.07174963504076004,0.1399548202753067,0.13989989459514618,0.07175183296203613,0.07174195349216461,9.879469871520996e-06,0.00013768944239721682,0.050074562430381775,-0.002524097520045266,0.005986904771363623
