score,n_cases,auc_mean,auc_std,auc_min,auc_max,auc_gt_0p5_rate,auc_gt_0p55_rate,error_lift_mean,error_lift_std,positive_lift_rate,failure_rate_top10_mean,failure_rate_top10_std
low_margin,135,0.6412003132792572,0.01333492766735179,0.606954715831118,0.6660040704173512,1.0,1.0,0.00782587986033609,0.0016139560157135227,1.0,0.15681725681725678,0.012650554872548668
hybrid_confidence,135,0.5446792491004953,0.03639792968529943,0.49138006265140705,0.6149458425943914,0.9481481481481482,0.4,0.004564336454464865,0.00300606133079331,0.9333333333333333,0.11085334418667754,0.026932806630519276
hybrid_risk_confidence,135,0.5323509221464847,0.04213002074669908,0.46755767303877116,0.6113005494463434,0.6814814814814815,0.26666666666666666,0.002708407221739719,0.004171234871831448,0.674074074074074,0.08751865418532086,0.023219092778336854
risk_max,135,0.5087479297746457,0.053994884024227655,0.4419969251528579,0.6528773985907674,0.45925925925925926,0.16296296296296298,0.006149446348598526,0.00707989956541451,0.762962962962963,0.07958666847555734,0.023162619664006758
risk_mean,135,0.5074516704509354,0.055158291762584084,0.43953315784649805,0.6537096472863574,0.45185185185185184,0.16296296296296298,0.006298120480634887,0.008071061359011632,0.7333333333333333,0.07467553023108577,0.031079706298040133
sat_persistence,135,0.4960950042051815,0.006357753337745652,0.4829918664065605,0.5118158584072408,0.22962962962962963,0.0,-0.000217725616469088,0.0010636073442844322,0.5407407407407407,0.09741328630217518,0.00983430414175813
bright_persistence,135,0.47585048568223387,0.03982524910840375,0.3833729430416739,0.5384674301440535,0.18518518518518517,0.0,-0.004863258041173594,0.008265132603514183,0.43703703703703706,0.0872834983946095,0.02541088596726855
focus_entropy,135,0.4437924104775113,0.041907085174809455,0.3815053178800644,0.5157895324854435,0.11851851851851852,0.0,0.0010354661436792875,0.00291625258049022,0.6814814814814815,0.08670465337132001,0.021538334191188165
low_peak_strength,135,0.3857537568917379,0.031513745768778474,0.337219615712382,0.44902169503069367,0.0,0.0,-0.0016509368649343622,0.003983946833393127,0.32592592592592595,0.03079636412969747,0.014833259202912483
