focus_bin,risk_bin,pixel_count,focus_lo,focus_hi,risk_lo,risk_hi,mean_focus_conf,mean_risk,prior_target_mae_um,dff_mae_um,gadff_mae_um,no_risk_weight,risk_weight,delta_weight,risk_penalty_ratio,error_per_delta_weight
F1,R1,67810,0.0,0.11768482327461244,0.0,1.0388394457550023e-06,0.05602701008319855,2.3264808746148447e-08,231.82179260253906,231.82179260253906,231.82179260253906,0.023272830992937088,0.023272830992937088,1.0778675174627494e-10,4.631441452573881e-09,23182180352.0
F1,R2,52580,0.0,0.11768482327461244,1.0388394457550023e-06,0.020961721241474156,0.05716048926115036,0.0037253601476550102,205.68707275390625,205.56553649902344,207.83010864257812,0.023413972929120064,0.023396138101816177,1.7836598999565467e-05,0.0007617929368279874,11531743.0
F1,R3,35933,0.0,0.11768482327461244,0.020961721241474156,0.4806598484516154,0.06772959232330322,0.15635022521018982,174.50634765625,183.9369659423828,196.69017028808594,0.02456016093492508,0.023557797074317932,0.0010023630456998944,0.04081255942583084,174094.953125
F1,R4,30306,0.0,0.11768482327461244,0.4806598484516154,0.9904512763023376,0.06801118701696396,0.8344796299934387,85.61620330810547,88.53352355957031,102.91375732421875,0.02474544197320938,0.02062995545566082,0.004115486051887274,0.16631288826465607,20803.423828125
F1,R5,37371,0.0,0.11768482327461244,0.9904512763023376,1.0,0.059052567929029465,0.9990876913070679,73.16871643066406,73.28707122802734,73.35565948486328,0.023704424500465393,0.02007577009499073,0.003628652775660157,0.15307913720607758,20164.154296875
F2,R1,50913,0.11768482327461244,0.23792399764060976,0.0,1.0388394457550023e-06,0.17461596429347992,2.4400415910008633e-08,206.19723510742188,206.19723510742188,206.19723510742188,0.07404081523418427,0.07404081523418427,8.34281199679765e-10,1.1267855093421986e-08,20619722752.0
F2,R2,43002,0.11768482327461244,0.23792399764060976,1.0388394457550023e-06,0.020961721241474156,0.17543306946754456,0.003909428138285875,179.01927185058594,179.02992248535156,179.04806518554688,0.07455936074256897,0.07442764192819595,0.0001317146816290915,0.0017665746854618192,1359144.375
F2,R3,46277,0.11768482327461244,0.23792399764060976,0.020961721241474156,0.4806598484516154,0.17660686373710632,0.18510520458221436,133.46829223632812,133.7634735107422,150.15350341796875,0.07529813796281815,0.06898166984319687,0.00631646066904068,0.08388601243495941,21130.234375
F2,R4,44932,0.11768482327461244,0.23792399764060976,0.4806598484516154,0.9904512763023376,0.17789840698242188,0.7996587157249451,72.52371978759766,71.20560455322266,90.50411987304688,0.07609918713569641,0.04876098781824112,0.02733820304274559,0.35924434661865234,2652.834228515625
F2,R5,38876,0.11768482327461244,0.23792399764060976,0.9904512763023376,1.0,0.17746037244796753,0.9990766048431396,55.598575592041016,55.62681198120117,55.60942459106445,0.07583556324243546,0.041741158813238144,0.03409440815448761,0.44958338141441345,1630.72412109375
F3,R1,41917,0.23792399764060976,0.38138839006423975,0.0,1.0388394457550023e-06,0.30457642674446106,2.365288231942486e-08,173.80072021484375,173.80072021484375,173.80072021484375,0.16924655437469482,0.16924653947353363,1.8727321915434914e-09,1.1065112381913877e-08,17380071424.0
F3,R2,39787,0.23792399764060976,0.38138839006423975,1.0388394457550023e-06,0.020961721241474156,0.3066294491291046,0.0041074142791330814,142.47496032714844,142.47618103027344,142.47752380371094,0.1709565669298172,0.17063899338245392,0.0003175576275680214,0.0018575339345261455,448658.59375
F3,R3,46698,0.23792399764060976,0.38138839006423975,0.020961721241474156,0.4806598484516154,0.30715811252593994,0.19081999361515045,100.03672790527344,96.77059173583984,110.42462921142578,0.171400785446167,0.15668490529060364,0.01471589133143425,0.0858566164970398,6797.87060546875
F3,R4,51473,0.23792399764060976,0.38138839006423975,0.4806598484516154,0.9904512763023376,0.308608740568161,0.7997153997421265,55.71510314941406,50.0856819152832,69.918212890625,0.17259593307971954,0.11047299206256866,0.06212294474244118,0.3599328398704529,896.8522338867188
F3,R5,44125,0.23792399764060976,0.38138839006423975,0.9904512763023376,1.0,0.30905500054359436,0.9990366697311401,40.820709228515625,40.820709228515625,40.820709228515625,0.17297393083572388,0.09521099179983139,0.07776293903589249,0.44956451654434204,524.9378662109375
F4,R1,34035,0.38138839006423975,0.5726888537406921,0.0,1.0388394457550023e-06,0.4671870470046997,2.7104027466862135e-08,128.86073303222656,128.86073303222656,128.86073303222656,0.3209679126739502,0.3209679126739502,4.133009046114466e-09,1.2876705035580471e-08,12886073344.0
F4,R2,39624,0.38138839006423975,0.5726888537406921,1.0388394457550023e-06,0.020961721241474156,0.4711536467075348,0.0044213999062776566,97.82340240478516,97.82340240478516,97.82340240478516,0.3250562250614166,0.3244071304798126,0.0006490786909125745,0.0019968198612332344,150711.15625
F4,R3,47154,0.38138839006423975,0.5726888537406921,0.020961721241474156,0.4806598484516154,0.47078773379325867,0.18802949786186218,68.8731689453125,65.1158447265625,74.77973937988281,0.32466381788253784,0.29727703332901,0.02738678641617298,0.08435428887605667,2514.83203125
F4,R4,52451,0.38138839006423975,0.5726888537406921,0.4806598484516154,0.9904512763023376,0.46975183486938477,0.8073318600654602,37.82419967651367,31.882247924804688,46.12078857421875,0.3236076235771179,0.2059640735387802,0.11764354258775711,0.36353760957717896,321.51531982421875
F4,R5,50736,0.38138839006423975,0.5726888537406921,0.9904512763023376,1.0,0.4727482497692108,0.9990047812461853,27.091320037841797,27.091320037841797,27.091320037841797,0.3266904950141907,0.17982535064220428,0.146865114569664,0.44955429434776306,184.46395874023438
F5,R1,29325,0.5726888537406921,1.0,0.0,1.0388394457550023e-06,0.7475329637527466,3.108851132083146e-08,69.12252807617188,69.12252807617188,69.12252807617188,0.6536605358123779,0.6536605358123779,9.564182334997895e-09,1.4631726941161105e-08,6912252928.0
F5,R2,49007,0.5726888537406921,1.0,1.0388394457550023e-06,0.020961721241474156,0.767589271068573,0.00483526149764657,49.0181770324707,49.0181770324707,49.0181770324707,0.6800228357315063,0.6785319447517395,0.0014907977310940623,0.0021922760643064976,32880.5
F5,R3,47938,0.5726888537406921,1.0,0.020961721241474156,0.4806598484516154,0.7447510957717896,0.1658453345298767,40.42098617553711,38.75118637084961,42.33363342285156,0.6492387652397156,0.6018542051315308,0.04738449305295944,0.07298469543457031,853.04248046875
F5,R4,44837,0.5726888537406921,1.0,0.4806598484516154,0.9904512763023376,0.728488028049469,0.824084997177124,23.374122619628906,20.504501342773438,26.480192184448242,0.6278953552246094,0.3944356441497803,0.2334597110748291,0.3718130886554718,100.1205825805664
F5,R5,52893,0.5726888537406921,1.0,0.9904512763023376,1.0,0.7368640899658203,0.9990700483322144,16.113264083862305,16.113264083862305,16.113264083862305,0.6387758851051331,0.351591557264328,0.28718432784080505,0.4495854377746582,56.10774230957031
