stack,layer,file,mean,p95,p99,max,sat_ratio_098,bright_ratio_090,laplacian_energy,tenengrad,shift_dy_vs_first_px,shift_dx_vs_first_px
3D表面,1,论文与PPT制作项目包\06_Samples\real_focus_stacks\3D表面\1.png,0.2978387475013733,0.40392157435417175,0.4156862795352936,0.4431372582912445,0.0,0.0,0.00011219498264836147,1.2002101357211359e-05,0.0,0.0
3D表面,2,论文与PPT制作项目包\06_Samples\real_focus_stacks\3D表面\2.png,0.2960352897644043,0.40392157435417175,0.4156862795352936,0.4431372582912445,0.0,0.0,0.00011219578300369903,1.2081546628905926e-05,0.0,0.0
3D表面,3,论文与PPT制作项目包\06_Samples\real_focus_stacks\3D表面\3.png,0.29469192028045654,0.40392157435417175,0.4156862795352936,0.4470588266849518,0.0,0.0,0.00011146896576974541,1.2100400454073679e-05,0.0,0.0
3D表面,4,论文与PPT制作项目包\06_Samples\real_focus_stacks\3D表面\4.png,0.2932469844818115,0.40392157435417175,0.4156862795352936,0.45098039507865906,0.0,0.0,0.0001111224337364547,1.2114692253817338e-05,0.0,0.0
3D表面,5,论文与PPT制作项目包\06_Samples\real_focus_stacks\3D表面\5.png,0.29050201177597046,0.4000000059604645,0.4156862795352936,0.4588235318660736,0.0,0.0,0.00011128903861390427,1.2447171684470959e-05,0.0,0.0
3D表面,6,论文与PPT制作项目包\06_Samples\real_focus_stacks\3D表面\6.png,0.2892517149448395,0.4000000059604645,0.4156862795352936,0.4627451002597809,0.0,0.0,0.0001106644413084723,1.2516737115220167e-05,0.0,0.0
3D表面,7,论文与PPT制作项目包\06_Samples\real_focus_stacks\3D表面\7.png,0.2879387438297272,0.4000000059604645,0.4156862795352936,0.4745098054409027,0.0,0.0,0.00011081516277045012,1.2818309187423438e-05,0.0,0.0
3D表面,8,论文与PPT制作项目包\06_Samples\real_focus_stacks\3D表面\8.png,0.28659558296203613,0.3960784375667572,0.41960784792900085,0.47843137383461,0.0,0.0,0.00011073330824729055,1.3303023479238618e-05,0.0,0.0
3D表面,9,论文与PPT制作项目包\06_Samples\real_focus_stacks\3D表面\9.png,0.2852790355682373,0.3960784375667572,0.41960784792900085,0.501960813999176,0.0,0.0,0.00011171954974997789,1.427258121111663e-05,0.0,0.0
3D表面,10,论文与PPT制作项目包\06_Samples\real_focus_stacks\3D表面\10.png,0.2837168276309967,0.3960784375667572,0.42352941632270813,0.5176470875740051,0.0,0.0,0.00011204779002582654,1.5674781025154516e-05,0.0,0.0
3D表面,11,论文与PPT制作项目包\06_Samples\real_focus_stacks\3D表面\11.png,0.28260937333106995,0.3960784375667572,0.4274509847164154,0.5921568870544434,0.0,0.0,0.0001133489131461829,1.8721048036240973e-05,0.0,0.0
3D表面,12,论文与PPT制作项目包\06_Samples\real_focus_stacks\3D表面\12.png,0.28145188093185425,0.3921568691730499,0.4313725531101227,0.5960784554481506,0.0,0.0,0.00011801182699855417,2.3278516891878098e-05,0.0,0.0
3D表面,13,论文与PPT制作项目包\06_Samples\real_focus_stacks\3D表面\13.png,0.2799907326698303,0.3921568691730499,0.43529412150382996,0.5960784554481506,0.0,0.0,0.00013376350398175418,3.25061846524477e-05,0.0,0.0
3D表面,14,论文与PPT制作项目包\06_Samples\real_focus_stacks\3D表面\14.png,0.2788808345794678,0.3921568691730499,0.43921568989753723,0.6941176652908325,0.0,0.0,0.00015759229427203536,4.15966787841171e-05,0.0,0.0
3D表面,15,论文与PPT制作项目包\06_Samples\real_focus_stacks\3D表面\15.png,0.27734023332595825,0.3921568691730499,0.43529412150382996,0.5803921818733215,0.0,0.0,0.00015933241229504347,4.150550012127496e-05,0.0,0.0
3D表面,16,论文与PPT制作项目包\06_Samples\real_focus_stacks\3D表面\16.png,0.27616846561431885,0.3921568691730499,0.4313725531101227,0.5490196347236633,0.0,0.0,0.00013642630074173212,3.283707701484673e-05,0.0,0.0
3D表面,17,论文与PPT制作项目包\06_Samples\real_focus_stacks\3D表面\17.png,0.2749285101890564,0.38823530077934265,0.4274509847164154,0.5490196347236633,0.0,0.0,0.00012227857951074839,2.5671897674328648e-05,0.0,0.0
3D表面,18,论文与PPT制作项目包\06_Samples\real_focus_stacks\3D表面\18.png,0.2740408480167389,0.38823530077934265,0.42352941632270813,0.5176470875740051,0.0,0.0,0.00011680906027322635,2.150404907297343e-05,0.0,0.0
3D表面,19,论文与PPT制作项目包\06_Samples\real_focus_stacks\3D表面\19.png,0.27264443039894104,0.38823530077934265,0.41960784792900085,0.5058823823928833,0.0,0.0,0.0001128053481807001,1.8692629964789376e-05,0.0,0.0
3D表面,20,论文与PPT制作项目包\06_Samples\real_focus_stacks\3D表面\20.png,0.27131387591362,0.38823530077934265,0.41960784792900085,0.5058823823928833,0.0,0.0,0.00011601115693338215,1.9670449546538293e-05,0.0,0.0
3D表面,21,论文与PPT制作项目包\06_Samples\real_focus_stacks\3D表面\21.png,0.27004721760749817,0.3843137323856354,0.4156862795352936,0.49803921580314636,0.0,0.0,0.0001152062977780588,1.8942379028885625e-05,0.0,0.0
3D表面,22,论文与PPT制作项目包\06_Samples\real_focus_stacks\3D表面\22.png,0.2688745856285095,0.3843137323856354,0.4156862795352936,0.4941176474094391,0.0,0.0,0.00011288205132586882,1.795474236132577e-05,0.0,0.0
3D表面,23,论文与PPT制作项目包\06_Samples\real_focus_stacks\3D表面\23.png,0.2676505446434021,0.3843137323856354,0.4117647111415863,0.5137255191802979,0.0,0.0,0.00011026912397937849,1.6689547919668257e-05,0.0,0.0
3D表面,24,论文与PPT制作项目包\06_Samples\real_focus_stacks\3D表面\24.png,0.2666313946247101,0.3803921639919281,0.40784314274787903,0.4941176474094391,0.0,0.0,0.00010920473141595721,1.606982186785899e-05,0.0,0.0
3D表面,25,论文与PPT制作项目包\06_Samples\real_focus_stacks\3D表面\25.png,0.26533013582229614,0.3803921639919281,0.40392157435417175,0.4470588266849518,0.0,0.0,0.00010771153756650165,1.5202412214421201e-05,0.0,0.0
3D表面,26,论文与PPT制作项目包\06_Samples\real_focus_stacks\3D表面\26.png,0.264320433139801,0.3764705955982208,0.4000000059604645,0.43921568989753723,0.0,0.0,0.00010695971286622807,1.5026604160084389e-05,0.0,0.0
3D表面,27,论文与PPT制作项目包\06_Samples\real_focus_stacks\3D表面\27.png,0.26302969455718994,0.3764705955982208,0.3960784375667572,0.4274509847164154,0.0,0.0,0.00010601938993204385,1.4773651855648495e-05,0.0,0.0
3D表面,28,论文与PPT制作项目包\06_Samples\real_focus_stacks\3D表面\28.png,0.2621804475784302,0.37254902720451355,0.3960784375667572,0.41960784792900085,0.0,0.0,0.00010709978960221633,1.545482336950954e-05,0.0,0.0
3D表面,29,论文与PPT制作项目包\06_Samples\real_focus_stacks\3D表面\29.png,0.26074808835983276,0.37254902720451355,0.3921568691730499,0.4156862795352936,0.0,0.0,0.00010681484127417207,1.5672154404455796e-05,0.0,0.0
3D表面,30,论文与PPT制作项目包\06_Samples\real_focus_stacks\3D表面\30.png,0.2598126530647278,0.3686274588108063,0.38823530077934265,0.40784314274787903,0.0,0.0,0.0001067204648279585,1.5979394447640516e-05,0.0,0.0
3D表面,31,论文与PPT制作项目包\06_Samples\real_focus_stacks\3D表面\31.png,0.25867241621017456,0.3686274588108063,0.3843137323856354,0.40784314274787903,0.0,0.0,0.00010603248665574938,1.631274244573433e-05,0.0,0.0
3D表面,32,论文与PPT制作项目包\06_Samples\real_focus_stacks\3D表面\32.png,0.25756582617759705,0.364705890417099,0.3843137323856354,0.4000000059604645,0.0,0.0,0.0001059164060279727,1.669644916546531e-05,0.0,0.0
3D表面,33,论文与PPT制作项目包\06_Samples\real_focus_stacks\3D表面\33.png,0.25686851143836975,0.364705890417099,0.3803921639919281,0.3960784375667572,0.0,0.0,0.00010589254088699818,1.7183931049657986e-05,0.0,0.0
3D表面,34,论文与PPT制作项目包\06_Samples\real_focus_stacks\3D表面\34.png,0.2562604546546936,0.3607843220233917,0.3764705955982208,0.3960784375667572,0.0,0.0,0.00010563163959886879,1.7364183804602362e-05,0.0,0.0
3D表面,35,论文与PPT制作项目包\06_Samples\real_focus_stacks\3D表面\35.png,0.2548314929008484,0.3607843220233917,0.37254902720451355,0.3921568691730499,0.0,0.0,0.00010491634748177603,1.7353531802655198e-05,0.0,0.0
3D表面,36,论文与PPT制作项目包\06_Samples\real_focus_stacks\3D表面\36.png,0.25403231382369995,0.35686275362968445,0.37254902720451355,0.38823530077934265,0.0,0.0,0.00010536682384554297,1.773153417161666e-05,0.0,0.0
3D表面,37,论文与PPT制作项目包\06_Samples\real_focus_stacks\3D表面\37.png,0.25318554043769836,0.35686275362968445,0.3686274588108063,0.3843137323856354,0.0,0.0,0.00010417176235932857,1.7577011021785438e-05,0.0,0.0
3D表面,38,论文与PPT制作项目包\06_Samples\real_focus_stacks\3D表面\38.png,0.2521853446960449,0.3529411852359772,0.364705890417099,0.3803921639919281,0.0,0.0,0.00010368635412305593,1.760579107212834e-05,0.0,0.0
3D表面,39,论文与PPT制作项目包\06_Samples\real_focus_stacks\3D表面\39.png,0.25113192200660706,0.3529411852359772,0.3607843220233917,0.3764705955982208,0.0,0.0,0.00010336515697417781,1.7592228687135503e-05,0.0,0.0
3D表面,40,论文与PPT制作项目包\06_Samples\real_focus_stacks\3D表面\40.png,0.25057944655418396,0.3529411852359772,0.3607843220233917,0.3764705955982208,0.0,0.0,0.0001031470310408622,1.7426533304387704e-05,0.0,0.0
3D表面,41,论文与PPT制作项目包\06_Samples\real_focus_stacks\3D表面\41.png,0.2493859827518463,0.3490196168422699,0.35686275362968445,0.3686274588108063,0.0,0.0,0.00010259134432999417,1.6611136743449606e-05,0.0,0.0
3D表面,42,论文与PPT制作项目包\06_Samples\real_focus_stacks\3D表面\42.png,0.2487918883562088,0.3490196168422699,0.35686275362968445,0.3686274588108063,0.0,0.0,0.00010220984404440969,1.626801531529054e-05,0.0,0.0
3D表面,43,论文与PPT制作项目包\06_Samples\real_focus_stacks\3D表面\43.png,0.24818527698516846,0.3450980484485626,0.3529411852359772,0.3686274588108063,0.0,0.0,0.0001027028847602196,1.5897991033853032e-05,0.0,0.0
3D表面,44,论文与PPT制作项目包\06_Samples\real_focus_stacks\3D表面\44.png,0.2471519410610199,0.3450980484485626,0.3490196168422699,0.364705890417099,0.0,0.0,0.00010242668213322759,1.539609002065845e-05,0.0,0.0
3D表面,45,论文与PPT制作项目包\06_Samples\real_focus_stacks\3D表面\45.png,0.24666103720664978,0.34117648005485535,0.3490196168422699,0.364705890417099,0.0,0.0,0.00010213242057943717,1.4879025911795907e-05,0.0,0.0
3D表面,46,论文与PPT制作项目包\06_Samples\real_focus_stacks\3D表面\46.png,0.24557633697986603,0.34117648005485535,0.3450980484485626,0.3607843220233917,0.0,0.0,0.0001023221921059303,1.4407475646294188e-05,0.0,0.0
3D表面,47,论文与PPT制作项目包\06_Samples\real_focus_stacks\3D表面\47.png,0.24499793350696564,0.33725491166114807,0.3450980484485626,0.3607843220233917,0.0,0.0,0.00010223564459010959,1.3904762454330921e-05,0.0,0.0
3D表面,48,论文与PPT制作项目包\06_Samples\real_focus_stacks\3D表面\48.png,0.2442830502986908,0.33725491166114807,0.3450980484485626,0.35686275362968445,0.0,0.0,0.00010239369294140488,1.3621739526570309e-05,0.0,0.0
3D表面,49,论文与PPT制作项目包\06_Samples\real_focus_stacks\3D表面\49.png,0.2433641403913498,0.33725491166114807,0.34117648005485535,0.35686275362968445,0.0,0.0,0.00010182908590650186,1.3087910701869987e-05,0.0,0.0
3D表面,50,论文与PPT制作项目包\06_Samples\real_focus_stacks\3D表面\50.png,0.24261681735515594,0.3333333432674408,0.34117648005485535,0.35686275362968445,0.0,0.0,0.00010201866098213941,1.2819247785955667e-05,0.0,0.0
3D层纹,1,论文与PPT制作项目包\06_Samples\real_focus_stacks\3D层纹\1.png,0.39937537908554077,0.4313725531101227,0.4470588266849518,0.47843137383461,0.0,0.0,0.00013050276902504265,1.3924016457167454e-05,0.0,0.0
3D层纹,2,论文与PPT制作项目包\06_Samples\real_focus_stacks\3D层纹\2.png,0.39814525842666626,0.4313725531101227,0.4470588266849518,0.48627451062202454,0.0,0.0,0.00012888354831375182,1.3919241609983146e-05,0.0,0.0
3D层纹,3,论文与PPT制作项目包\06_Samples\real_focus_stacks\3D层纹\3.png,0.39648616313934326,0.4313725531101227,0.45098039507865906,0.4901960790157318,0.0,0.0,0.00013007406960241497,1.4117058526608162e-05,0.0,0.0
3D层纹,4,论文与PPT制作项目包\06_Samples\real_focus_stacks\3D层纹\4.png,0.39472389221191406,0.4274509847164154,0.45098039507865906,0.4941176474094391,0.0,0.0,0.0001291913795284927,1.428227096766932e-05,0.0,0.0
3D层纹,5,论文与PPT制作项目包\06_Samples\real_focus_stacks\3D层纹\5.png,0.39363449811935425,0.4274509847164154,0.45098039507865906,0.4941176474094391,0.0,0.0,0.0001297498820349574,1.4516344890580513e-05,0.0,0.0
3D层纹,6,论文与PPT制作项目包\06_Samples\real_focus_stacks\3D层纹\6.png,0.3919905126094818,0.4274509847164154,0.45490196347236633,0.49803921580314636,0.0,0.0,0.00012869284546468407,1.4771995665796567e-05,0.0,0.0
3D层纹,7,论文与PPT制作项目包\06_Samples\real_focus_stacks\3D层纹\7.png,0.3902370035648346,0.4274509847164154,0.45490196347236633,0.5058823823928833,0.0,0.0,0.000128747706185095,1.5345693100243807e-05,0.0,0.0
3D层纹,8,论文与PPT制作项目包\06_Samples\real_focus_stacks\3D层纹\8.png,0.3887883722782135,0.4274509847164154,0.4588235318660736,0.5098039507865906,0.0,0.0,0.0001284317550016567,1.609610262676142e-05,0.0,0.0
3D层纹,9,论文与PPT制作项目包\06_Samples\real_focus_stacks\3D层纹\9.png,0.38763102889060974,0.4274509847164154,0.4627451002597809,0.5176470875740051,0.0,0.0,0.00012828542094212025,1.7187261619255878e-05,0.0,0.0
3D层纹,10,论文与PPT制作项目包\06_Samples\real_focus_stacks\3D层纹\10.png,0.38580816984176636,0.4313725531101227,0.46666666865348816,0.5411764979362488,0.0,0.0,0.0001284407771890983,1.921503098856192e-05,0.0,0.0
3D层纹,11,论文与PPT制作项目包\06_Samples\real_focus_stacks\3D层纹\11.png,0.38407883048057556,0.4313725531101227,0.4745098054409027,0.5882353186607361,0.0,0.0,0.00012889700883533806,2.2604652258451097e-05,0.0,0.0
3D层纹,12,论文与PPT制作项目包\06_Samples\real_focus_stacks\3D层纹\12.png,0.38250523805618286,0.4313725531101227,0.48235294222831726,0.6745098233222961,0.0,0.0,0.0001301706361118704,2.8419221052899957e-05,0.0,0.0
3D层纹,13,论文与PPT制作项目包\06_Samples\real_focus_stacks\3D层纹\13.png,0.38090959191322327,0.4313725531101227,0.48627451062202454,0.7176470756530762,0.0,0.0,0.0001346422650385648,3.644625030574389e-05,0.0,0.0
3D层纹,14,论文与PPT制作项目包\06_Samples\real_focus_stacks\3D层纹\14.png,0.3798198401927948,0.4313725531101227,0.4941176474094391,0.7686274647712708,0.0,0.0,0.00014452010509558022,5.195821722736582e-05,0.0,0.0
3D层纹,15,论文与PPT制作项目包\06_Samples\real_focus_stacks\3D层纹\15.png,0.377860963344574,0.43529412150382996,0.49803921580314636,0.9019607901573181,0.0,3.0517578125e-06,0.00017503727576695383,8.519664697814733e-05,0.0,0.0
3D层纹,16,论文与PPT制作项目包\06_Samples\real_focus_stacks\3D层纹\16.png,0.3761926293373108,0.43921568989753723,0.4901960790157318,0.8666666746139526,0.0,0.0,0.00024377889349125326,0.00012308114673942327,0.0,0.0
3D层纹,17,论文与PPT制作项目包\06_Samples\real_focus_stacks\3D层纹\17.png,0.3749902844429016,0.43921568989753723,0.4745098054409027,0.658823549747467,0.0,0.0,0.0002534368250053376,0.00011025569256162271,0.0,0.0
3D层纹,18,论文与PPT制作项目包\06_Samples\real_focus_stacks\3D层纹\18.png,0.3738454580307007,0.43529412150382996,0.47058823704719543,0.6235294342041016,0.0,0.0,0.00024566421052441,9.79637261480093e-05,0.0,0.0
3D层纹,19,论文与PPT制作项目包\06_Samples\real_focus_stacks\3D层纹\19.png,0.3722308278083801,0.4313725531101227,0.4745098054409027,0.6470588445663452,0.0,0.0,0.00020486398716457188,8.577101834816858e-05,0.0,0.0
3D层纹,20,论文与PPT制作项目包\06_Samples\real_focus_stacks\3D层纹\20.png,0.37101325392723083,0.4274509847164154,0.4745098054409027,0.6117647290229797,0.0,0.0,0.00016689857875462621,6.4479885622859e-05,0.0,0.0
3D层纹,21,论文与PPT制作项目包\06_Samples\real_focus_stacks\3D层纹\21.png,0.3693397641181946,0.42352941632270813,0.4627451002597809,0.6196078658103943,0.0,0.0,0.00013973258319310844,3.9021571865305305e-05,0.0,0.0
3D层纹,22,论文与PPT制作项目包\06_Samples\real_focus_stacks\3D层纹\22.png,0.36843419075012207,0.42352941632270813,0.45490196347236633,0.5568627715110779,0.0,0.0,0.0001324928889516741,2.9955999707453884e-05,0.0,0.0
3D层纹,23,论文与PPT制作项目包\06_Samples\real_focus_stacks\3D层纹\23.png,0.366580992937088,0.41960784792900085,0.45098039507865906,0.5333333611488342,0.0,0.0,0.00012874747335445136,2.3228636564454064e-05,0.0,0.0
3D层纹,24,论文与PPT制作项目包\06_Samples\real_focus_stacks\3D层纹\24.png,0.36528611183166504,0.4156862795352936,0.4431372582912445,0.5176470875740051,0.0,0.0,0.00012612887076102197,1.8984312191605568e-05,0.0,0.0
3D层纹,25,论文与PPT制作项目包\06_Samples\real_focus_stacks\3D层纹\25.png,0.36387667059898376,0.4117647111415863,0.43921568989753723,0.501960813999176,0.0,0.0,0.00012542105105239898,1.694422280706931e-05,0.0,0.0
3D层纹,26,论文与PPT制作项目包\06_Samples\real_focus_stacks\3D层纹\26.png,0.3627047836780548,0.4117647111415863,0.43529412150382996,0.4941176474094391,0.0,0.0,0.00012438406702131033,1.571508437336888e-05,0.0,0.0
3D层纹,27,论文与PPT制作项目包\06_Samples\real_focus_stacks\3D层纹\27.png,0.36112990975379944,0.40784314274787903,0.4313725531101227,0.4745098054409027,0.0,0.0,0.00012412284559104592,1.5011350114946254e-05,0.0,0.0
3D层纹,28,论文与PPT制作项目包\06_Samples\real_focus_stacks\3D层纹\28.png,0.3596287965774536,0.40392157435417175,0.4274509847164154,0.4588235318660736,0.0,0.0,0.00012374884681776166,1.4423103493754752e-05,0.0,0.0
3D层纹,29,论文与PPT制作项目包\06_Samples\real_focus_stacks\3D层纹\29.png,0.3585275709629059,0.4000000059604645,0.42352941632270813,0.45098039507865906,0.0,0.0,0.0001233282091561705,1.4058042324904818e-05,0.0,0.0
3D层纹,30,论文与PPT制作项目包\06_Samples\real_focus_stacks\3D层纹\30.png,0.35702186822891235,0.4000000059604645,0.41960784792900085,0.4470588266849518,0.0,0.0,0.00012287982099223882,1.3562521417043172e-05,0.0,0.0
3D层纹,31,论文与PPT制作项目包\06_Samples\real_focus_stacks\3D层纹\31.png,0.35573911666870117,0.3960784375667572,0.4156862795352936,0.43921568989753723,0.0,0.0,0.00012213502486702055,1.3213335478212684e-05,0.0,0.0
3D层纹,32,论文与PPT制作项目包\06_Samples\real_focus_stacks\3D层纹\32.png,0.35436272621154785,0.3960784375667572,0.4117647111415863,0.4431372582912445,0.0,0.0,0.00012156753655290231,1.3092884728393983e-05,0.0,0.0
3D层纹,33,论文与PPT制作项目包\06_Samples\real_focus_stacks\3D层纹\33.png,0.35279300808906555,0.3921568691730499,0.40784314274787903,0.43529412150382996,0.0,0.0,0.00012157463061157614,1.2889433492091484e-05,0.0,0.0
3D层纹,34,论文与PPT制作项目包\06_Samples\real_focus_stacks\3D层纹\34.png,0.35156503319740295,0.3921568691730499,0.40784314274787903,0.4313725531101227,0.0,0.0,0.00012125351349823177,1.2771881301887333e-05,0.0,0.0
3D层纹,35,论文与PPT制作项目包\06_Samples\real_focus_stacks\3D层纹\35.png,0.3500257432460785,0.38823530077934265,0.40392157435417175,0.42352941632270813,0.0,0.0,0.00012085535854566842,1.2628572221728973e-05,0.0,0.0
3D层纹,36,论文与PPT制作项目包\06_Samples\real_focus_stacks\3D层纹\36.png,0.3486582636833191,0.3843137323856354,0.4000000059604645,0.41960784792900085,0.0,0.0,0.0001204114596475847,1.2637220606848132e-05,0.0,0.0
磕碰孔5um,1,论文与PPT制作项目包\06_Samples\real_focus_stacks\磕碰孔5um\1.jpg,0.20010504126548767,0.32156863808631897,0.4000000059604645,0.6000000238418579,0.0,0.0,0.0004741904849652201,0.0005383787793107331,0.0,0.0
磕碰孔5um,2,论文与PPT制作项目包\06_Samples\real_focus_stacks\磕碰孔5um\2.jpg,0.19933636486530304,0.3294117748737335,0.4156862795352936,0.7490196228027344,0.0,0.0,0.0007083658128976822,0.0007549821166321635,0.0,0.0
磕碰孔5um,3,论文与PPT制作项目包\06_Samples\real_focus_stacks\磕碰孔5um\3.jpg,0.19839715957641602,0.3450980484485626,0.43921568989753723,0.8823529481887817,0.0,0.0,0.0012173583963885903,0.0011522741988301277,-2.0,0.0
磕碰孔5um,4,论文与PPT制作项目包\06_Samples\real_focus_stacks\磕碰孔5um\4.jpg,0.19740894436836243,0.3607843220233917,0.47058823704719543,0.9215686321258545,0.0,3.0517578125e-05,0.002262143651023507,0.0017780244816094637,0.0,0.0
磕碰孔5um,5,论文与PPT制作项目包\06_Samples\real_focus_stacks\磕碰孔5um\5.jpg,0.19656410813331604,0.3764705955982208,0.4941176474094391,0.9254902005195618,0.0,4.57763671875e-05,0.004363625310361385,0.0027155596762895584,0.0,0.0
磕碰孔5um,6,论文与PPT制作项目包\06_Samples\real_focus_stacks\磕碰孔5um\6.jpg,0.196207195520401,0.38823530077934265,0.5098039507865906,0.9333333373069763,0.0,4.57763671875e-05,0.007776451297104359,0.003842142876237631,-2.0,0.0
磕碰孔5um,7,论文与PPT制作项目包\06_Samples\real_focus_stacks\磕碰孔5um\7.jpg,0.19629725813865662,0.38823530077934265,0.501960813999176,0.9333333373069763,0.0,4.8828125e-05,0.01128460094332695,0.004589051473885775,0.0,0.0
磕碰孔5um,8,论文与PPT制作项目包\06_Samples\real_focus_stacks\磕碰孔5um\8.jpg,0.1967514604330063,0.3803921639919281,0.47058823704719543,0.9176470637321472,0.0,1.8310546875e-05,0.01303913351148367,0.0046488577499985695,0.0,0.0
磕碰孔5um,9,论文与PPT制作项目包\06_Samples\real_focus_stacks\磕碰孔5um\9.jpg,0.19535228610038757,0.40392157435417175,0.5098039507865906,0.9254902005195618,0.0,9.1552734375e-06,0.013672844506800175,0.005469395313411951,0.0,-1.0
磕碰孔5um,10,论文与PPT制作项目包\06_Samples\real_focus_stacks\磕碰孔5um\10.jpg,0.1935063600540161,0.4274509847164154,0.5647059082984924,0.9411764740943909,0.0,4.2724609375e-05,0.011579178273677826,0.005695851054042578,0.0,0.0
磕碰孔5um,11,论文与PPT制作项目包\06_Samples\real_focus_stacks\磕碰孔5um\11.jpg,0.1918095052242279,0.42352941632270813,0.5764706134796143,0.9490196108818054,0.0,8.544921875e-05,0.00784805603325367,0.004804912023246288,0.0,1.0
磕碰孔5um,12,论文与PPT制作项目包\06_Samples\real_focus_stacks\磕碰孔5um\12.jpg,0.19059427082538605,0.4117647111415863,0.5568627715110779,0.9411764740943909,0.0,8.23974609375e-05,0.004888170398771763,0.0036398214288055897,0.0,-1.0
磕碰孔5um,13,论文与PPT制作项目包\06_Samples\real_focus_stacks\磕碰孔5um\13.jpg,0.19041836261749268,0.38823530077934265,0.5176470875740051,0.9411764740943909,0.0,4.57763671875e-05,0.0025476650334894657,0.0023551404010504484,0.0,0.0
磕碰孔5um,14,论文与PPT制作项目包\06_Samples\real_focus_stacks\磕碰孔5um\14.jpg,0.19002628326416016,0.37254902720451355,0.4941176474094391,0.9372549057006836,0.0,1.220703125e-05,0.0016817603027448058,0.001729517593048513,0.0,1.0
磕碰孔5um,15,论文与PPT制作项目包\06_Samples\real_focus_stacks\磕碰孔5um\15.jpg,0.189565509557724,0.3490196168422699,0.4627451002597809,0.9098039269447327,0.0,3.0517578125e-06,0.0009279230725951493,0.0010958031052723527,0.0,1.0
磕碰孔5um,16,论文与PPT制作项目包\06_Samples\real_focus_stacks\磕碰孔5um\16.jpg,0.1891040802001953,0.33725491166114807,0.43921568989753723,0.8784313797950745,0.0,0.0,0.0006543364142999053,0.0008223516051657498,0.0,0.0
磕碰孔5um,17,论文与PPT制作项目包\06_Samples\real_focus_stacks\磕碰孔5um\17.jpg,0.18872977793216705,0.32156863808631897,0.40784314274787903,0.8549019694328308,0.0,0.0,0.0004149376763962209,0.0005530795315280557,0.0,0.0
磕碰孔5um,18,论文与PPT制作项目包\06_Samples\real_focus_stacks\磕碰孔5um\18.jpg,0.1881977766752243,0.30980393290519714,0.3843137323856354,0.7803921699523926,0.0,0.0,0.00029122550040483475,0.0003947132208850235,0.0,0.0
磕碰孔5um,19,论文与PPT制作项目包\06_Samples\real_focus_stacks\磕碰孔5um\19.jpg,0.18734750151634216,0.29411765933036804,0.35686275362968445,0.6509804129600525,0.0,0.0,0.00018449749040883034,0.00023638336278963834,0.0,0.0
磕碰孔5um,20,论文与PPT制作项目包\06_Samples\real_focus_stacks\磕碰孔5um\20.jpg,0.18691791594028473,0.2862745225429535,0.34117648005485535,0.572549045085907,0.0,0.0,0.00015455056563951075,0.00018439817358739674,0.0,0.0
磕碰孔5um,21,论文与PPT制作项目包\06_Samples\real_focus_stacks\磕碰孔5um\21.jpg,0.18612000346183777,0.27843138575553894,0.32549020648002625,0.5058823823928833,0.0,0.0,0.00012602051720023155,0.0001333473774138838,0.0,0.0
钥匙尖头50um,1,论文与PPT制作项目包\06_Samples\real_focus_stacks\钥匙尖头50um\1.jpg,0.25907397270202637,0.3960784375667572,0.47843137383461,0.8470588326454163,0.0,0.0,0.00018229654233437032,0.0001383523049298674,0.0,0.0
钥匙尖头50um,2,论文与PPT制作项目包\06_Samples\real_focus_stacks\钥匙尖头50um\2.jpg,0.2581544518470764,0.4000000059604645,0.48627451062202454,0.9019607901573181,0.0,6.103515625e-06,0.00022097052715253085,0.00017861112428363413,0.0,0.0
钥匙尖头50um,3,论文与PPT制作项目包\06_Samples\real_focus_stacks\钥匙尖头50um\3.jpg,0.25740689039230347,0.40392157435417175,0.4941176474094391,0.9215686321258545,0.0,4.2724609375e-05,0.00029409825219772756,0.0002499686088413,0.0,0.0
钥匙尖头50um,4,论文与PPT制作项目包\06_Samples\real_focus_stacks\钥匙尖头50um\4.jpg,0.256833016872406,0.40784314274787903,0.49803921580314636,0.929411768913269,0.0,6.40869140625e-05,0.00035939470399171114,0.0003030441584996879,0.0,0.0
钥匙尖头50um,5,论文与PPT制作项目包\06_Samples\real_focus_stacks\钥匙尖头50um\5.jpg,0.25583985447883606,0.4156862795352936,0.501960813999176,0.9372549057006836,0.0,8.23974609375e-05,0.0005513706128112972,0.0004343863984104246,0.0,0.0
钥匙尖头50um,6,论文与PPT制作项目包\06_Samples\real_focus_stacks\钥匙尖头50um\6.jpg,0.25454583764076233,0.42352941632270813,0.5098039507865906,0.9647058844566345,0.0,0.0001190185546875,0.000957243493758142,0.0006562466733157635,0.0,0.0
钥匙尖头50um,7,论文与PPT制作项目包\06_Samples\real_focus_stacks\钥匙尖头50um\7.jpg,0.25353437662124634,0.4313725531101227,0.5215686559677124,0.9843137264251709,6.103515625e-06,0.00015869140625,0.001552304718643427,0.0009383137221448123,0.0,0.0
钥匙尖头50um,8,论文与PPT制作项目包\06_Samples\real_focus_stacks\钥匙尖头50um\8.jpg,0.2525584399700165,0.43529412150382996,0.5411764979362488,0.9843137264251709,6.103515625e-06,0.0001708984375,0.002315123798325658,0.0012475562980398536,0.0,0.0
钥匙尖头50um,9,论文与PPT制作项目包\06_Samples\real_focus_stacks\钥匙尖头50um\9.jpg,0.2514566481113434,0.4431372582912445,0.5686274766921997,0.9843137264251709,3.0517578125e-06,0.000323486328125,0.0036812778562307358,0.0017351657152175903,0.0,0.0
钥匙尖头50um,10,论文与PPT制作项目包\06_Samples\real_focus_stacks\钥匙尖头50um\10.jpg,0.25055012106895447,0.45098039507865906,0.5882353186607361,0.9921568632125854,1.8310546875e-05,0.0004241943359375,0.0050482540391385555,0.0021706055849790573,0.0,0.0
钥匙尖头50um,11,论文与PPT制作项目包\06_Samples\real_focus_stacks\钥匙尖头50um\11.jpg,0.24926619231700897,0.4588235318660736,0.6117647290229797,0.9960784316062927,1.52587890625e-05,0.0004974365234375,0.00616482924669981,0.002563847228884697,0.0,0.0
钥匙尖头50um,12,论文与PPT制作项目包\06_Samples\real_focus_stacks\钥匙尖头50um\12.jpg,0.24888567626476288,0.4627451002597809,0.6235294342041016,0.9960784316062927,3.0517578125e-05,0.000537109375,0.007458549924194813,0.002900693565607071,0.0,0.0
钥匙尖头50um,13,论文与PPT制作项目包\06_Samples\real_focus_stacks\钥匙尖头50um\13.jpg,0.2480742484331131,0.4627451002597809,0.6274510025978088,0.9960784316062927,3.0517578125e-05,0.0005584716796875,0.008106001652777195,0.0030783815309405327,0.0,0.0
钥匙尖头50um,14,论文与PPT制作项目包\06_Samples\real_focus_stacks\钥匙尖头50um\14.jpg,0.24764332175254822,0.4627451002597809,0.6196078658103943,0.9843137264251709,1.8310546875e-05,0.0005462646484375,0.007553352974355221,0.0029370211996138096,0.0,0.0
钥匙尖头50um,15,论文与PPT制作项目包\06_Samples\real_focus_stacks\钥匙尖头50um\15.jpg,0.24721026420593262,0.4588235318660736,0.6039215922355652,0.9843137264251709,9.1552734375e-06,0.0004058837890625,0.006577335298061371,0.002611928153783083,0.0,0.0
钥匙尖头50um,16,论文与PPT制作项目包\06_Samples\real_focus_stacks\钥匙尖头50um\16.jpg,0.2470480501651764,0.45490196347236633,0.5843137502670288,0.9921568632125854,1.220703125e-05,0.0002960205078125,0.004880399443209171,0.002124983351677656,0.0,0.0
钥匙尖头50um,17,论文与PPT制作项目包\06_Samples\real_focus_stacks\钥匙尖头50um\17.jpg,0.2470337152481079,0.4431372582912445,0.545098066329956,0.9803921580314636,9.1552734375e-06,0.0002685546875,0.0027526267804205418,0.001439455198124051,0.0,0.0
钥匙尖头50um,18,论文与PPT制作项目包\06_Samples\real_focus_stacks\钥匙尖头50um\18.jpg,0.24661949276924133,0.43529412150382996,0.5254902243614197,0.9725490212440491,0.0,0.000225830078125,0.0018150780815631151,0.0010841507464647293,0.0,0.0
钥匙尖头50um,19,论文与PPT制作项目包\06_Samples\real_focus_stacks\钥匙尖头50um\19.jpg,0.2464907169342041,0.42352941632270813,0.5137255191802979,0.9490196108818054,0.0,0.0001708984375,0.0010117893107235432,0.0007129512378014624,0.0,0.0
钥匙尖头50um,20,论文与PPT制作项目包\06_Samples\real_focus_stacks\钥匙尖头50um\20.jpg,0.2460927516222,0.4117647111415863,0.5058823823928833,0.9490196108818054,0.0,0.000115966796875,0.0005566697800531983,0.0004489388666115701,0.0,0.0
钥匙尖头50um,21,论文与PPT制作项目包\06_Samples\real_focus_stacks\钥匙尖头50um\21.jpg,0.2456657439470291,0.40784314274787903,0.501960813999176,0.9411764740943909,0.0,8.23974609375e-05,0.00036423298297449946,0.0003177606558892876,0.0,0.0
钥匙尖头50um,22,论文与PPT制作项目包\06_Samples\real_focus_stacks\钥匙尖头50um\22.jpg,0.24528566002845764,0.4000000059604645,0.49803921580314636,0.9254902005195618,0.0,6.103515625e-05,0.00027915550163015723,0.00024181828484870493,0.0,0.0
钥匙尖头50um,23,论文与PPT制作项目包\06_Samples\real_focus_stacks\钥匙尖头50um\23.jpg,0.24487729370594025,0.3960784375667572,0.4941176474094391,0.9215686321258545,0.0,5.18798828125e-05,0.00019979085482191294,0.00016637594671919942,0.0,0.0
钥匙尖头50um,24,论文与PPT制作项目包\06_Samples\real_focus_stacks\钥匙尖头50um\24.jpg,0.2440277636051178,0.38823530077934265,0.48627451062202454,0.9215686321258545,0.0,5.4931640625e-05,0.00015686567348893732,0.00011653338879114017,0.0,0.0
钥匙尖头50um,25,论文与PPT制作项目包\06_Samples\real_focus_stacks\钥匙尖头50um\25.jpg,0.24384860694408417,0.3843137323856354,0.48235294222831726,0.9176470637321472,0.0,6.103515625e-05,0.0001397887390339747,9.577749005984515e-05,0.0,0.0
钥匙尖头50um,26,论文与PPT制作项目包\06_Samples\real_focus_stacks\钥匙尖头50um\26.jpg,0.24314482510089874,0.3803921639919281,0.47058823704719543,0.9058823585510254,0.0,9.1552734375e-06,0.0001237542019225657,7.177792576840147e-05,0.0,0.0
钥匙尖头50um,27,论文与PPT制作项目包\06_Samples\real_focus_stacks\钥匙尖头50um\27.jpg,0.24269571900367737,0.3764705955982208,0.4627451002597809,0.8823529481887817,0.0,0.0,0.00011489824100863189,5.979051275062375e-05,0.0,0.0
钥匙尖头50um,28,论文与PPT制作项目包\06_Samples\real_focus_stacks\钥匙尖头50um\28.jpg,0.24200372397899628,0.37254902720451355,0.45098039507865906,0.8235294222831726,0.0,0.0,0.00010798421135405079,4.8252655687974766e-05,0.0,0.0
钥匙纹路100um,1,论文与PPT制作项目包\06_Samples\real_focus_stacks\钥匙纹路100um\1.jpg,0.18410734832286835,0.6627451181411743,0.9882352948188782,1.0,0.0126068115234375,0.0271728515625,0.0017422939417883754,0.0009932992979884148,0.0,0.0
钥匙纹路100um,2,论文与PPT制作项目包\06_Samples\real_focus_stacks\钥匙纹路100um\2.jpg,0.18056660890579224,0.6392157077789307,0.9882352948188782,1.0,0.0123779296875,0.0251739501953125,0.002459005219861865,0.001270274631679058,0.0,0.0
钥匙纹路100um,3,论文与PPT制作项目包\06_Samples\real_focus_stacks\钥匙纹路100um\3.jpg,0.1773764044046402,0.6117647290229797,0.9882352948188782,1.0,0.011627197265625,0.0239532470703125,0.002244955161586404,0.001250472036190331,0.0,0.0
钥匙纹路100um,4,论文与PPT制作项目包\06_Samples\real_focus_stacks\钥匙纹路100um\4.jpg,0.17575706541538239,0.5882353186607361,0.9803921580314636,1.0,0.0105438232421875,0.02354736328125,0.0013939315686002374,0.0008982878061942756,0.0,0.0
钥匙纹路100um,5,论文与PPT制作项目包\06_Samples\real_focus_stacks\钥匙纹路100um\5.jpg,0.1742280125617981,0.5647059082984924,0.9686274528503418,1.0,0.0087615966796875,0.02235107421875,0.0006096511497162282,0.0005179496365599334,0.0,0.0
钥匙纹路100um,6,论文与PPT制作项目包\06_Samples\real_focus_stacks\钥匙纹路100um\6.jpg,0.17247572541236877,0.545098066329956,0.95686274766922,1.0,0.007391357421875,0.0205291748046875,0.0003114188148174435,0.00031391927041113377,0.0,0.0
钥匙纹路100um,7,论文与PPT制作项目包\06_Samples\real_focus_stacks\钥匙纹路100um\7.jpg,0.17110320925712585,0.529411792755127,0.9490196108818054,1.0,0.006005859375,0.018975830078125,0.00022210230235941708,0.00022315172827802598,0.0,0.0
钥匙纹路100um,8,论文与PPT制作项目包\06_Samples\real_focus_stacks\钥匙纹路100um\8.jpg,0.16903913021087646,0.5176470875740051,0.9372549057006836,1.0,0.0044708251953125,0.0168792724609375,0.00016844080528244376,0.00015803950373083353,0.0,0.0
钥匙纹路100um,9,论文与PPT制作项目包\06_Samples\real_focus_stacks\钥匙纹路100um\9.jpg,0.16695165634155273,0.5137255191802979,0.929411768913269,1.0,0.003680419921875,0.014996337890625,0.00014584347081836313,0.00012215730384923518,0.0,0.0
钥匙纹路100um,10,论文与PPT制作项目包\06_Samples\real_focus_stacks\钥匙纹路100um\10.jpg,0.1648286134004593,0.5058823823928833,0.9215686321258545,1.0,0.0029693603515625,0.01295166015625,0.000129471329273656,9.632211003918201e-05,0.0,0.0
钥匙纹路100um,11,论文与PPT制作项目包\06_Samples\real_focus_stacks\钥匙纹路100um\11.jpg,0.16337266564369202,0.501960813999176,0.9098039269447327,1.0,0.0024688720703125,0.0112518310546875,0.00012248563871253282,8.245609933510423e-05,0.0,0.0
钥匙纹路100um,12,论文与PPT制作项目包\06_Samples\real_focus_stacks\钥匙纹路100um\12.jpg,0.1615813672542572,0.501960813999176,0.8901960849761963,1.0,0.002008056640625,0.0095855712890625,0.00011661135795293376,6.958417361602187e-05,0.0,0.0
钥匙纹路100um,13,论文与PPT制作项目包\06_Samples\real_focus_stacks\钥匙纹路100um\13.jpg,0.15976078808307648,0.4941176474094391,0.843137264251709,1.0,0.0017578125,0.0081298828125,0.00011501662811497226,6.189700798131526e-05,0.0,0.0
钥匙纹路100um,14,论文与PPT制作项目包\06_Samples\real_focus_stacks\钥匙纹路100um\14.jpg,0.15827319025993347,0.48627451062202454,0.7882353067398071,1.0,0.001690673828125,0.0069549560546875,0.00011870799062307924,5.9711048379540443e-05,0.0,0.0
钥匙纹路100um,15,论文与PPT制作项目包\06_Samples\real_focus_stacks\钥匙纹路100um\15.jpg,0.15696823596954346,0.4745098054409027,0.7490196228027344,1.0,0.0015869140625,0.006005859375,0.00012342969421297312,5.8607525716070086e-05,0.0,0.0
钥匙纹路100um,16,论文与PPT制作项目包\06_Samples\real_focus_stacks\钥匙纹路100um\16.jpg,0.1561569720506668,0.4627451002597809,0.7254902124404907,1.0,0.00162353515625,0.005255126953125,0.0001373481791233644,6.353137723635882e-05,0.0,0.0
钥匙纹路100um,17,论文与PPT制作项目包\06_Samples\real_focus_stacks\钥匙纹路100um\17.jpg,0.1555825173854828,0.45098039507865906,0.7137255072593689,1.0,0.0016265869140625,0.0045989990234375,0.00015279078797902912,6.91372697474435e-05,0.0,0.0
钥匙纹路100um,18,论文与PPT制作项目包\06_Samples\real_focus_stacks\钥匙纹路100um\18.jpg,0.1546420156955719,0.43921568989753723,0.6823529601097107,1.0,0.0016326904296875,0.0040130615234375,0.0001760014856699854,7.543659012299031e-05,0.0,0.0
钥匙纹路100um,19,论文与PPT制作项目包\06_Samples\real_focus_stacks\钥匙纹路100um\19.jpg,0.15382888913154602,0.4313725531101227,0.6509804129600525,1.0,0.00172119140625,0.0036590576171875,0.00017298402963206172,7.300766446860507e-05,0.0,0.0
钥匙纹路100um,20,论文与PPT制作项目包\06_Samples\real_focus_stacks\钥匙纹路100um\20.jpg,0.1533709466457367,0.42352941632270813,0.6274510025978088,1.0,0.00174560546875,0.0033203125,0.00015437111142091453,6.208266131579876e-05,0.0,0.0
钥匙纹路100um,21,论文与PPT制作项目包\06_Samples\real_focus_stacks\钥匙纹路100um\21.jpg,0.15295478701591492,0.4156862795352936,0.5960784554481506,1.0,0.0014495849609375,0.00294189453125,0.00010892855061683804,4.072197407367639e-05,0.0,0.0
钥匙纹路100um,22,论文与PPT制作项目包\06_Samples\real_focus_stacks\钥匙纹路100um\22.jpg,0.15274330973625183,0.4156862795352936,0.5764706134796143,1.0,0.0012786865234375,0.002783203125,9.705620323074982e-05,3.375991582288407e-05,0.0,0.0
钥匙纹路100um,23,论文与PPT制作项目包\06_Samples\real_focus_stacks\钥匙纹路100um\23.jpg,0.15271210670471191,0.4117647111415863,0.5647059082984924,1.0,0.00111083984375,0.00262451171875,9.251698065781966e-05,2.9541955882450566e-05,0.0,0.0
钥匙纹路100um,24,论文与PPT制作项目包\06_Samples\real_focus_stacks\钥匙纹路100um\24.jpg,0.1525181233882904,0.40784314274787903,0.5411764979362488,1.0,0.0008026123046875,0.002239990234375,8.829235594021156e-05,2.4617362214485183e-05,0.0,0.0
钥匙纹路100um,25,论文与PPT制作项目包\06_Samples\real_focus_stacks\钥匙纹路100um\25.jpg,0.15221071243286133,0.4000000059604645,0.529411792755127,0.9960784316062927,0.0005462646484375,0.001995849609375,7.854655996197835e-05,1.9104709281236865e-05,0.0,0.0
钥匙纹路100um,26,论文与PPT制作项目包\06_Samples\real_focus_stacks\钥匙纹路100um\26.jpg,0.15189333260059357,0.3960784375667572,0.5254902243614197,0.9921568632125854,0.00030517578125,0.0017333984375,7.366826321231201e-05,1.6021987903513946e-05,0.0,0.0
钥匙纹路100um,27,论文与PPT制作项目包\06_Samples\real_focus_stacks\钥匙纹路100um\27.jpg,0.15161922574043274,0.3921568691730499,0.5215686559677124,0.9921568632125854,0.0001861572265625,0.0014801025390625,7.266126340255141e-05,1.4793293303227983e-05,0.0,0.0
钥匙纹路100um,28,论文与PPT制作项目包\06_Samples\real_focus_stacks\钥匙纹路100um\28.jpg,0.1515178382396698,0.38823530077934265,0.5176470875740051,0.9803921580314636,3.0517578125e-06,0.0012451171875,7.240329432534054e-05,1.4171326256473549e-05,0.0,0.0
钥匙纹路100um,29,论文与PPT制作项目包\06_Samples\real_focus_stacks\钥匙纹路100um\29.jpg,0.15144383907318115,0.3843137323856354,0.5176470875740051,0.9725490212440491,0.0,0.0011016845703125,7.414803985739127e-05,1.4818660929449834e-05,0.0,0.0
钥匙纹路100um,30,论文与PPT制作项目包\06_Samples\real_focus_stacks\钥匙纹路100um\30.jpg,0.15167760848999023,0.3843137323856354,0.5137255191802979,0.9647058844566345,0.0,0.0009613037109375,7.879303302615881e-05,1.6621803297312e-05,0.0,0.0
钥匙纹路100um,31,论文与PPT制作项目包\06_Samples\real_focus_stacks\钥匙纹路100um\31.jpg,0.15196307003498077,0.3803921639919281,0.5137255191802979,0.9529411792755127,0.0,0.000836181640625,7.807264046277851e-05,1.6385183698730543e-05,0.0,0.0
钥匙纹路100um,32,论文与PPT制作项目包\06_Samples\real_focus_stacks\钥匙纹路100um\32.jpg,0.15235283970832825,0.3803921639919281,0.5098039507865906,0.9450980424880981,0.0,0.00076904296875,7.767108763800934e-05,1.559781412652228e-05,0.0,0.0
钥匙纹路100um,33,论文与PPT制作项目包\06_Samples\real_focus_stacks\钥匙纹路100um\33.jpg,0.1526036560535431,0.3764705955982208,0.5098039507865906,0.9372549057006836,0.0,0.00067138671875,7.417895540129393e-05,1.3364505321078468e-05,0.0,0.0
钥匙纹路100um,34,论文与PPT制作项目包\06_Samples\real_focus_stacks\钥匙纹路100um\34.jpg,0.1529315710067749,0.3764705955982208,0.5058823823928833,0.9333333373069763,0.0,0.0005706787109375,7.206536247394979e-05,1.1995708518952597e-05,0.0,0.0
钥匙纹路100um,35,论文与PPT制作项目包\06_Samples\real_focus_stacks\钥匙纹路100um\35.jpg,0.15302172303199768,0.37254902720451355,0.5058823823928833,0.9254902005195618,0.0,0.000457763671875,7.072727748891339e-05,1.0963261956931092e-05,0.0,0.0
钥匙纹路100um,36,论文与PPT制作项目包\06_Samples\real_focus_stacks\钥匙纹路100um\36.jpg,0.15384869277477264,0.3686274588108063,0.501960813999176,0.9176470637321472,0.0,0.00013427734375,7.010670378804207e-05,9.923739526129793e-06,0.0,0.0
钥匙纹路100um,37,论文与PPT制作项目包\06_Samples\real_focus_stacks\钥匙纹路100um\37.jpg,0.15371942520141602,0.3686274588108063,0.501960813999176,0.9137254953384399,0.0,0.0001953125,7.011185516603291e-05,9.954807865142357e-06,0.0,0.0
钥匙纹路100um,38,论文与PPT制作项目包\06_Samples\real_focus_stacks\钥匙纹路100um\38.jpg,0.1541171371936798,0.3686274588108063,0.501960813999176,0.9058823585510254,0.0,2.13623046875e-05,6.943319749552757e-05,9.622235666029155e-06,0.0,0.0
钥匙纹路100um,39,论文与PPT制作项目包\06_Samples\real_focus_stacks\钥匙纹路100um\39.jpg,0.1542316973209381,0.364705890417099,0.501960813999176,0.8784313797950745,0.0,0.0,6.995305011514574e-05,9.359369869343936e-06,0.0,0.0
钥匙纹路100um,40,论文与PPT制作项目包\06_Samples\real_focus_stacks\钥匙纹路100um\40.jpg,0.15483441948890686,0.364705890417099,0.49803921580314636,0.8627451062202454,0.0,0.0,6.943622429389507e-05,9.177683750749566e-06,0.0,0.0
圆孔50um,1,论文与PPT制作项目包\06_Samples\real_focus_stacks\圆孔50um\1.jpg,0.2023458033800125,0.23137255012989044,0.239215686917305,0.24705882370471954,0.0,0.0,0.00011596407421166077,1.0908172953350004e-05,0.0,0.0
圆孔50um,2,论文与PPT制作项目包\06_Samples\real_focus_stacks\圆孔50um\2.jpg,0.19845029711723328,0.22745098173618317,0.23529411852359772,0.24705882370471954,0.0,0.0,0.00011561522114789113,1.0813487278937828e-05,0.0,0.0
圆孔50um,3,论文与PPT制作项目包\06_Samples\real_focus_stacks\圆孔50um\3.jpg,0.1946752965450287,0.22745098173618317,0.23529411852359772,0.2549019753932953,0.0,0.0,0.00011385951074771583,1.0772891982924193e-05,0.0,0.0
圆孔50um,4,论文与PPT制作项目包\06_Samples\real_focus_stacks\圆孔50um\4.jpg,0.19103863835334778,0.2235294133424759,0.23529411852359772,0.25882354378700256,0.0,0.0,0.00011470053141238168,1.2330131539783906e-05,0.0,0.0
圆孔50um,5,论文与PPT制作项目包\06_Samples\real_focus_stacks\圆孔50um\5.jpg,0.18768636882305145,0.2235294133424759,0.23529411852359772,0.2823529541492462,0.0,0.0,0.00011698341404553503,1.3720002243644558e-05,0.0,0.0
圆孔50um,6,论文与PPT制作项目包\06_Samples\real_focus_stacks\圆孔50um\6.jpg,0.18407931923866272,0.21568627655506134,0.239215686917305,0.3294117748737335,0.0,0.0,0.00011253952834522352,1.263859485334251e-05,0.0,0.0
圆孔50um,7,论文与PPT制作项目包\06_Samples\real_focus_stacks\圆孔50um\7.jpg,0.18026268482208252,0.21176470816135406,0.239215686917305,0.4156862795352936,0.0,0.0,0.0001377661246806383,2.4875887902453542e-05,0.0,0.0
圆孔50um,8,论文与PPT制作项目包\06_Samples\real_focus_stacks\圆孔50um\8.jpg,0.17745143175125122,0.2078431397676468,0.22745098173618317,0.26274511218070984,0.0,0.0,0.00010764555918285623,1.0534547982388176e-05,0.0,0.0
圆孔50um,9,论文与PPT制作项目包\06_Samples\real_focus_stacks\圆孔50um\9.jpg,0.17437884211540222,0.20392157137393951,0.21568627655506134,0.250980406999588,0.0,0.0,0.00010812377149704844,1.0104966349899769e-05,0.0,0.0
圆孔50um,10,论文与PPT制作项目包\06_Samples\real_focus_stacks\圆孔50um\10.jpg,0.170980766415596,0.19607843458652496,0.21176470816135406,0.23137255012989044,0.0,0.0,0.00010930276766885072,1.0149669833481312e-05,0.0,0.0
圆孔50um,11,论文与PPT制作项目包\06_Samples\real_focus_stacks\圆孔50um\11.jpg,0.16826076805591583,0.1921568661928177,0.20392157137393951,0.21568627655506134,0.0,0.0,0.00010820359602803364,1.0083847882924601e-05,0.0,0.0
圆孔50um,12,论文与PPT制作项目包\06_Samples\real_focus_stacks\圆孔50um\12.jpg,0.16562223434448242,0.1882352977991104,0.19607843458652496,0.250980406999588,0.0,0.0,0.00010866712545976043,1.0289867532264907e-05,0.0,0.0
圆孔50um,13,论文与PPT制作项目包\06_Samples\real_focus_stacks\圆孔50um\13.jpg,0.1622159779071808,0.18431372940540314,0.1882352977991104,0.21176470816135406,0.0,0.0,0.00010793500405270606,1.0329136785003357e-05,0.0,0.0
圆孔50um,14,论文与PPT制作项目包\06_Samples\real_focus_stacks\圆孔50um\14.jpg,0.16006293892860413,0.18039216101169586,0.18431372940540314,0.21176470816135406,0.0,0.0,0.0001070761209120974,1.0158551049244124e-05,0.0,0.0
圆孔50um,15,论文与PPT制作项目包\06_Samples\real_focus_stacks\圆孔50um\15.jpg,0.15718458592891693,0.1764705926179886,0.18431372940540314,0.3529411852359772,0.0,0.0,0.00011372520384611562,1.3747223420068622e-05,0.0,0.0
圆孔50um,16,论文与PPT制作项目包\06_Samples\real_focus_stacks\圆孔50um\16.jpg,0.15474781394004822,0.1725490242242813,0.1764705926179886,0.27450981736183167,0.0,0.0,0.00010661486885510385,1.0932824807241559e-05,0.0,0.0
圆孔50um,17,论文与PPT制作项目包\06_Samples\real_focus_stacks\圆孔50um\17.jpg,0.15234658122062683,0.16862745583057404,0.1725490242242813,0.1882352977991104,0.0,0.0,0.00010475389717612416,9.634003617975395e-06,0.0,0.0
圆孔50um,18,论文与PPT制作项目包\06_Samples\real_focus_stacks\圆孔50um\18.jpg,0.14966563880443573,0.16470588743686676,0.16862745583057404,0.18039216101169586,0.0,0.0,0.00010406267392681912,9.53711241891142e-06,0.0,0.0
圆孔50um,19,论文与PPT制作项目包\06_Samples\real_focus_stacks\圆孔50um\19.jpg,0.14746640622615814,0.16078431904315948,0.16470588743686676,0.1764705926179886,0.0,0.0,0.00010267877951264381,9.34921990847215e-06,0.0,0.0
圆孔50um,20,论文与PPT制作项目包\06_Samples\real_focus_stacks\圆孔50um\20.jpg,0.14525337517261505,0.1568627506494522,0.16078431904315948,0.1764705926179886,0.0,0.0,0.00010052994912257418,9.170772500510793e-06,0.0,0.0
